scenario,validation_n,fee_bps,selector,baseline,metric,primary,difference,standard_error,ci_low,ci_high,n
matched_gbm,16,5.0,joint_mse,forecast_first,test_mse,False,-0.000141650112704191,0.000141650112704191,-0.0007511213568001973,0.0004678211313918153,3
matched_gbm,16,5.0,joint_mse,forecast_first,test_es90,False,0.01713886036774363,0.01713886036774363,-0.05660370397832336,0.09088142471381062,3
matched_gbm,16,5.0,joint_mse,forecast_first,test_mean_cost,False,0.0022951171953485283,0.0022951171953485283,-0.007579975070312746,0.012170209461009803,3
matched_gbm,16,5.0,joint_mse,forecast_first,reference_mse_gap,False,-0.0069387719848810385,0.00693877198488104,-0.03679389820673854,0.022916354236976463,3
matched_gbm,16,5.0,joint_es90,forecast_first,test_mse,False,-0.0021592406182874466,0.0021592406182874466,-0.011449703158747845,0.007131221922172951,3
matched_gbm,16,5.0,joint_es90,forecast_first,test_es90,False,-0.0504073528280646,0.05040735282806459,-0.267292687073181,0.16647798141705178,3
matched_gbm,16,5.0,joint_es90,forecast_first,test_mean_cost,False,-0.002736309519821826,0.0027363095198218263,-0.014509699144722646,0.009037080105078995,3
matched_gbm,16,5.0,joint_es90,forecast_first,reference_mse_gap,False,0.00690199650574556,0.00690199650574556,-0.022794897600421818,0.03659889061191294,3
matched_gbm,16,20.0,joint_mse,forecast_first,test_mse,False,0.005933445926792513,0.020263316893606154,-0.08125256981926039,0.09311946167284542,3
matched_gbm,16,20.0,joint_mse,forecast_first,test_es90,False,0.04544778029864238,0.09318102398375902,-0.35547780690592845,0.4463733675032132,3
matched_gbm,16,20.0,joint_mse,forecast_first,test_mean_cost,False,0.06689126521466737,0.0378491312271576,-0.09596040257850788,0.22974293300784263,3
matched_gbm,16,20.0,joint_mse,forecast_first,reference_mse_gap,False,-0.011426110448903959,0.05405046861745913,-0.2439865067900521,0.22113428589224418,3
matched_gbm,16,20.0,joint_es90,forecast_first,test_mse,False,0.039259725743860975,0.036771250566196484,-0.11895419588108577,0.1974736473688077,3
matched_gbm,16,20.0,joint_es90,forecast_first,test_es90,False,0.08705614171804961,0.068383734177959,-0.20717531881320728,0.38128760224930647,3
matched_gbm,16,20.0,joint_es90,forecast_first,test_mean_cost,False,0.02958914285566966,0.040043316721576794,-0.142703343144645,0.20188162885598432,3
matched_gbm,16,20.0,joint_es90,forecast_first,reference_mse_gap,False,0.05895752671414498,0.03851672472578712,-0.10676656406827156,0.22468161749656151,3
matched_gbm,64,5.0,joint_mse,forecast_first,test_mse,False,0.000141650112704191,0.000141650112704191,-0.0004678211313918153,0.0007511213568001973,3
matched_gbm,64,5.0,joint_mse,forecast_first,test_es90,False,-0.01713886036774363,0.01713886036774363,-0.09088142471381062,0.05660370397832336,3
matched_gbm,64,5.0,joint_mse,forecast_first,test_mean_cost,False,-0.0022951171953485283,0.0022951171953485283,-0.012170209461009803,0.007579975070312746,3
matched_gbm,64,5.0,joint_mse,forecast_first,reference_mse_gap,False,0.0069387719848810385,0.00693877198488104,-0.022916354236976463,0.03679389820673854,3
matched_gbm,64,5.0,joint_es90,forecast_first,test_mse,False,0.01172267099712542,0.014883052401773688,-0.05231393504637042,0.07575927704062126,3
matched_gbm,64,5.0,joint_es90,forecast_first,test_es90,False,-0.07703032725049334,0.03768354550332775,-0.23916953717702455,0.08510888267603788,3
matched_gbm,64,5.0,joint_es90,forecast_first,test_mean_cost,False,-0.007232218639492592,0.0004951398888283976,-0.009362633633767943,-0.005101803645217242,3
matched_gbm,64,5.0,joint_es90,forecast_first,reference_mse_gap,False,0.02508878111181828,0.004327745566297424,0.006467994837327538,0.043709567386309024,3
matched_gbm,64,20.0,joint_mse,forecast_first,test_mse,False,0.011089858803740379,0.005627860080510443,-0.013124868734315906,0.035304586341796666,3
matched_gbm,64,20.0,joint_mse,forecast_first,test_es90,False,-0.05821098706229829,0.033105508298796084,-0.20065249271385674,0.08423051858926014,3
matched_gbm,64,20.0,joint_mse,forecast_first,test_mean_cost,False,0.0186159842018066,0.03272126288298549,-0.12217224686252068,0.15940421526613388,3
matched_gbm,64,20.0,joint_mse,forecast_first,reference_mse_gap,False,-0.0006685431175050827,0.010554244998313927,-0.04607979416994511,0.04474270793493494,3
matched_gbm,64,20.0,joint_es90,forecast_first,test_mse,False,0.011089858803740379,0.005627860080510443,-0.013124868734315906,0.035304586341796666,3
matched_gbm,64,20.0,joint_es90,forecast_first,test_es90,False,-0.05821098706229829,0.033105508298796084,-0.20065249271385674,0.08423051858926014,3
matched_gbm,64,20.0,joint_es90,forecast_first,test_mean_cost,False,0.0186159842018066,0.03272126288298549,-0.12217224686252068,0.15940421526613388,3
matched_gbm,64,20.0,joint_es90,forecast_first,reference_mse_gap,False,-0.0006685431175050827,0.010554244998313927,-0.04607979416994511,0.04474270793493494,3
matched_gbm,256,5.0,joint_mse,forecast_first,test_mse,False,0.0,0.0,0.0,0.0,3
matched_gbm,256,5.0,joint_mse,forecast_first,test_es90,False,0.0,0.0,0.0,0.0,3
matched_gbm,256,5.0,joint_mse,forecast_first,test_mean_cost,False,0.0,0.0,0.0,0.0,3
matched_gbm,256,5.0,joint_mse,forecast_first,reference_mse_gap,False,0.0,0.0,0.0,0.0,3
matched_gbm,256,5.0,joint_es90,forecast_first,test_mse,False,-0.0020175905055832555,0.002233437144633211,-0.011627294932663184,0.007592113921496673,3
matched_gbm,256,5.0,joint_es90,forecast_first,test_es90,False,-0.06754621319580822,0.044392760358083386,-0.2585528447316294,0.12346041834001295,3
matched_gbm,256,5.0,joint_es90,forecast_first,test_mean_cost,False,-0.005031426715170355,0.0025445631644573294,-0.015979798360742613,0.005916944930401903,3
matched_gbm,256,5.0,joint_es90,forecast_first,reference_mse_gap,False,0.013840768490626598,0.006920457530371801,-0.01593555699354285,0.043617093974796045,3
matched_gbm,256,20.0,joint_mse,forecast_first,test_mse,False,0.004989181553147852,0.004989181553147852,-0.016477534075719412,0.026455897182015117,3
matched_gbm,256,20.0,joint_mse,forecast_first,test_es90,False,-0.019997897323771996,0.019997897323771996,-0.10604190483314903,0.06604611018560504,3
matched_gbm,256,20.0,joint_mse,forecast_first,test_mean_cost,False,0.02741915189909555,0.027419151899095554,-0.09055593686696307,0.14539424066515416,3
matched_gbm,256,20.0,joint_mse,forecast_first,reference_mse_gap,False,0.00575616767033003,0.005756167670330029,-0.01901062286931107,0.03052295820997113,3
matched_gbm,256,20.0,joint_es90,forecast_first,test_mse,False,0.02988504718751206,0.011001589261066452,-0.01745097087819788,0.077221065253222,3
matched_gbm,256,20.0,joint_es90,forecast_first,test_es90,False,-0.05222483984364527,0.016101676788777348,-0.12150476343242167,0.017055083745131143,3
matched_gbm,256,20.0,joint_es90,forecast_first,test_mean_cost,False,0.08368312434985964,0.0013433014448638971,0.0779033647212396,0.08946288397847968,3
matched_gbm,256,20.0,joint_es90,forecast_first,reference_mse_gap,False,0.016017338032783695,0.006285635121922253,-0.01102756708276418,0.04306224314833157,3
heston,16,5.0,joint_mse,forecast_first,test_mse,False,0.011303658725365104,0.011303658725365104,-0.037332059345483386,0.05993937679621359,3
heston,16,5.0,joint_mse,forecast_first,test_es90,False,0.06398915386984387,0.06398915386984387,-0.21133395370259817,0.33931226144228593,3
heston,16,5.0,joint_mse,forecast_first,test_mean_cost,False,-0.006350995967815322,0.006350995967815322,-0.03367712610536374,0.0209751341697331,3
heston,16,5.0,joint_mse,forecast_first,reference_mse_gap,False,0.016331530399563882,0.016331530399563886,-0.05393737345510599,0.08660043425423375,3
heston,16,5.0,joint_es90,forecast_first,test_mse,False,0.038403450713107835,0.019290927895204316,-0.044598712854593055,0.12140561428080873,3
heston,16,5.0,joint_es90,forecast_first,test_es90,False,-0.02962119235560423,0.08065900364221726,-0.3766688745556621,0.31742648984445365,3
heston,16,5.0,joint_es90,forecast_first,test_mean_cost,False,-0.02373719442228862,0.012754579978041794,-0.07861572278161798,0.031141333937040733,3
heston,16,5.0,joint_es90,forecast_first,reference_mse_gap,False,0.056080849326862914,0.03134529224449689,-0.07878705791371626,0.1909487565674421,3
heston,16,20.0,joint_mse,forecast_first,test_mse,False,0.004870415135150037,0.004870415135150038,-0.01608528984111637,0.025826120111416443,3
heston,16,20.0,joint_mse,forecast_first,test_es90,False,0.0685247792049853,0.06852477920498531,-0.22631354909682394,0.3633631075067945,3
heston,16,20.0,joint_mse,forecast_first,test_mean_cost,False,0.011283818078872873,0.011283818078872873,-0.03726653258018582,0.05983416873793157,3
heston,16,20.0,joint_mse,forecast_first,reference_mse_gap,False,0.01894922048204911,0.01894922048204911,-0.0625826947516639,0.10048113571576213,3
heston,16,20.0,joint_es90,forecast_first,test_mse,False,0.0,0.0,0.0,0.0,3
heston,16,20.0,joint_es90,forecast_first,test_es90,False,0.0,0.0,0.0,0.0,3
heston,16,20.0,joint_es90,forecast_first,test_mean_cost,False,0.0,0.0,0.0,0.0,3
heston,16,20.0,joint_es90,forecast_first,reference_mse_gap,False,0.0,0.0,0.0,0.0,3
heston,64,5.0,joint_mse,forecast_first,test_mse,True,0.011303658725365104,0.011303658725365104,-0.037332059345483386,0.05993937679621359,3
heston,64,5.0,joint_mse,forecast_first,test_es90,False,0.06398915386984387,0.06398915386984387,-0.21133395370259817,0.33931226144228593,3
heston,64,5.0,joint_mse,forecast_first,test_mean_cost,False,-0.006350995967815322,0.006350995967815322,-0.03367712610536374,0.0209751341697331,3
heston,64,5.0,joint_mse,forecast_first,reference_mse_gap,False,0.016331530399563882,0.016331530399563886,-0.05393737345510599,0.08660043425423375,3
heston,64,5.0,joint_es90,forecast_first,test_mse,False,0.04150555871123951,0.020769510476538373,-0.04785843223619837,0.1308695496586774,3
heston,64,5.0,joint_es90,forecast_first,test_es90,False,0.010165187538993722,0.045118758289519084,-0.18396516097831173,0.2042955360562992,3
heston,64,5.0,joint_es90,forecast_first,test_mean_cost,False,-0.012091953621335408,0.008115970051725546,-0.04701215431895721,0.02282824707628639,3
heston,64,5.0,joint_es90,forecast_first,reference_mse_gap,False,0.053612813662574345,0.029317692915450135,-0.07253103779004363,0.1797566651151923,3
heston,64,20.0,joint_mse,forecast_first,test_mse,False,0.013954895848736548,0.01395489584873655,-0.0460881748681992,0.0739979665656723,3
heston,64,20.0,joint_mse,forecast_first,test_es90,False,0.062250348270296664,0.06225034827029668,-0.20559128264275003,0.3300919791833434,3
heston,64,20.0,joint_mse,forecast_first,test_mean_cost,False,-0.0071037850417627335,0.007103785041762734,-0.03766890514325656,0.02346133505973109,3
heston,64,20.0,joint_mse,forecast_first,reference_mse_gap,False,0.020844093652249058,0.02084409365224906,-0.0688408027997538,0.1105289901042519,3
heston,64,20.0,joint_es90,forecast_first,test_mse,False,0.03173261627702414,0.02945411799435608,-0.09499822491375479,0.15846345746780308,3
heston,64,20.0,joint_es90,forecast_first,test_es90,False,0.01952690319267251,0.08642755978511889,-0.35234087284235405,0.3913946792276991,3
heston,64,20.0,joint_es90,forecast_first,test_mean_cost,False,-0.027281864881347834,0.017087091832043474,-0.10080168719596942,0.04623795743327376,3
heston,64,20.0,joint_es90,forecast_first,reference_mse_gap,False,0.04210897469869396,0.022032814450784557,-0.05269057454203761,0.13690852393942554,3
heston,256,5.0,joint_mse,forecast_first,test_mse,False,0.0,0.0,0.0,0.0,3
heston,256,5.0,joint_mse,forecast_first,test_es90,False,0.0,0.0,0.0,0.0,3
heston,256,5.0,joint_mse,forecast_first,test_mean_cost,False,0.0,0.0,0.0,0.0,3
heston,256,5.0,joint_mse,forecast_first,reference_mse_gap,False,0.0,0.0,0.0,0.0,3
heston,256,5.0,joint_es90,forecast_first,test_mse,False,-4.1265642028794534e-05,0.011096192643528664,-0.0477843292095333,0.04770179792547571,3
heston,256,5.0,joint_es90,forecast_first,test_es90,False,-0.10955825939785035,0.05484293874800276,-0.34552837950942694,0.12641186071372626,3
heston,256,5.0,joint_es90,forecast_first,test_mean_cost,False,-0.013129149200900275,0.008486415020977672,-0.04964324595669669,0.02338494755489614,3
heston,256,5.0,joint_es90,forecast_first,reference_mse_gap,False,0.012808966738754443,0.008317874495586536,-0.022979958665394394,0.04859789214290328,3
heston,256,20.0,joint_mse,forecast_first,test_mse,False,0.0,0.0,0.0,0.0,3
heston,256,20.0,joint_mse,forecast_first,test_es90,False,0.0,0.0,0.0,0.0,3
heston,256,20.0,joint_mse,forecast_first,test_mean_cost,False,0.0,0.0,0.0,0.0,3
heston,256,20.0,joint_mse,forecast_first,reference_mse_gap,False,0.0,0.0,0.0,0.0,3
heston,256,20.0,joint_es90,forecast_first,test_mse,False,0.023984839962206517,0.018407812235783153,-0.05521758360280141,0.10318726352721444,3
heston,256,20.0,joint_es90,forecast_first,test_es90,False,-0.051009146554460726,0.04749840968483009,-0.2553783086436532,0.15336001553473172,3
heston,256,20.0,joint_es90,forecast_first,test_mean_cost,False,0.033749539492557844,0.046270376252648224,-0.1653358211974337,0.2328349001825494,3
heston,256,20.0,joint_es90,forecast_first,reference_mse_gap,False,0.04715175324922414,0.0073742494062449876,0.015422918911590797,0.07888058758685748,3
heston_shift,16,5.0,joint_mse,forecast_first,test_mse,False,0.07215475897685335,0.17048814935149328,-0.6613965422202832,0.8057060601739898,3
heston_shift,16,5.0,joint_mse,forecast_first,test_es90,False,0.12219970065593833,0.195368582750798,-0.7184034652240663,0.9628028665359429,3
heston_shift,16,5.0,joint_mse,forecast_first,test_mean_cost,False,-0.007072325655441483,0.008167163332277122,-0.04221279326137335,0.028068141950490386,3
heston_shift,16,5.0,joint_mse,forecast_first,reference_mse_gap,False,0.10751773539413723,0.1927113539338634,-0.7216522976631149,0.9366877684513893,3
heston_shift,16,5.0,joint_es90,forecast_first,test_mse,False,0.0804987951916704,0.11974428279325064,-0.434719270040601,0.5957168604239418,3
heston_shift,16,5.0,joint_es90,forecast_first,test_es90,False,0.07013709065236669,0.14739327465466792,-0.5640449848872524,0.7043191661919859,3
heston_shift,16,5.0,joint_es90,forecast_first,test_mean_cost,False,-0.031492084811701064,0.010274945998955641,-0.07570160926213587,0.012717439638733737,3
heston_shift,16,5.0,joint_es90,forecast_first,reference_mse_gap,False,0.09582231074705454,0.09859575057535501,-0.32840096460769375,0.5200455861018028,3
heston_shift,16,20.0,joint_mse,forecast_first,test_mse,False,0.38941531619949094,0.3155486010781142,-0.9682807335978814,1.7471113659968631,3
heston_shift,16,20.0,joint_mse,forecast_first,test_es90,False,0.3674748060608195,0.2998839013205605,-0.9228214805640083,1.6577710926856473,3
heston_shift,16,20.0,joint_mse,forecast_first,test_mean_cost,False,-0.009458234214697084,0.022447207268075788,-0.10604077184193533,0.08712430341254115,3
heston_shift,16,20.0,joint_mse,forecast_first,reference_mse_gap,False,0.3288510178637476,0.3090663921738253,-1.0009543380967796,1.6586563738242748,3
heston_shift,16,20.0,joint_es90,forecast_first,test_mse,False,-0.14282653278365678,0.3265731885715247,-1.5479575540539132,1.2623044884865995,3
heston_shift,16,20.0,joint_es90,forecast_first,test_es90,False,-0.207516347678706,0.36736888252813943,-1.7881770729134145,1.3731443775560024,3
heston_shift,16,20.0,joint_es90,forecast_first,test_mean_cost,False,-0.035894776651536786,0.04221506473668761,-0.21753154017739598,0.1457419868743224,3
heston_shift,16,20.0,joint_es90,forecast_first,reference_mse_gap,False,-0.4629956478176041,0.5416963647419751,-2.7937269902700237,1.8677356946348154,3
heston_shift,64,5.0,joint_mse,forecast_first,test_mse,False,0.13303858443071684,0.13137530557259122,-0.4322237327128625,0.6983009015742961,3
heston_shift,64,5.0,joint_mse,forecast_first,test_es90,False,0.18513186267342382,0.15019213605744336,-0.4610927415210374,0.8313564668678851,3
heston_shift,64,5.0,joint_mse,forecast_first,test_mean_cost,False,-0.004609190700790758,0.008484608524795857,-0.041115514730859205,0.03189713332927769,3
heston_shift,64,5.0,joint_mse,forecast_first,reference_mse_gap,False,0.19195530189436769,0.11747222961093591,-0.31348690751088126,0.6973975112996167,3
heston_shift,64,5.0,joint_es90,forecast_first,test_mse,False,-0.17451701202327255,0.09849323933629371,-0.5982992171154438,0.2492651930688987,3
heston_shift,64,5.0,joint_es90,forecast_first,test_es90,False,-0.17451055039343544,0.09689336692387238,-0.5914090600830512,0.2423879592961803,3
heston_shift,64,5.0,joint_es90,forecast_first,test_mean_cost,False,-0.01195789000220257,0.008534081331599911,-0.04867707833951485,0.024761298335109712,3
heston_shift,64,5.0,joint_es90,forecast_first,reference_mse_gap,False,-0.1242144681610795,0.07316583740419177,-0.4390216581926305,0.1905927218704715,3
heston_shift,64,20.0,joint_mse,forecast_first,test_mse,False,0.0,0.0,0.0,0.0,3
heston_shift,64,20.0,joint_mse,forecast_first,test_es90,False,0.0,0.0,0.0,0.0,3
heston_shift,64,20.0,joint_mse,forecast_first,test_mean_cost,False,0.0,0.0,0.0,0.0,3
heston_shift,64,20.0,joint_mse,forecast_first,reference_mse_gap,False,0.0,0.0,0.0,0.0,3
heston_shift,64,20.0,joint_es90,forecast_first,test_mse,False,-0.0665578658826836,0.06655786588268361,-0.35293324920911084,0.21981751744374367,3
heston_shift,64,20.0,joint_es90,forecast_first,test_es90,False,-0.07269864354717859,0.07269864354717859,-0.3854956606545296,0.24009837356017244,3
heston_shift,64,20.0,joint_es90,forecast_first,test_mean_cost,False,-0.009332825089888364,0.009332825089888365,-0.049488730439170805,0.03082308025939408,3
heston_shift,64,20.0,joint_es90,forecast_first,reference_mse_gap,False,-0.07859973894029644,0.07859973894029645,-0.41678712024935805,0.2595876423687652,3
heston_shift,256,5.0,joint_mse,forecast_first,test_mse,False,0.0,0.0,0.0,0.0,3
heston_shift,256,5.0,joint_mse,forecast_first,test_es90,False,0.0,0.0,0.0,0.0,3
heston_shift,256,5.0,joint_mse,forecast_first,test_mean_cost,False,0.0,0.0,0.0,0.0,3
heston_shift,256,5.0,joint_mse,forecast_first,reference_mse_gap,False,0.0,0.0,0.0,0.0,3
heston_shift,256,5.0,joint_es90,forecast_first,test_mse,False,-0.17451701202327255,0.09849323933629371,-0.5982992171154438,0.2492651930688987,3
heston_shift,256,5.0,joint_es90,forecast_first,test_es90,False,-0.17451055039343544,0.09689336692387238,-0.5914090600830512,0.2423879592961803,3
heston_shift,256,5.0,joint_es90,forecast_first,test_mean_cost,False,-0.01195789000220257,0.008534081331599911,-0.04867707833951485,0.024761298335109712,3
heston_shift,256,5.0,joint_es90,forecast_first,reference_mse_gap,False,-0.1242144681610795,0.07316583740419177,-0.4390216581926305,0.1905927218704715,3
heston_shift,256,20.0,joint_mse,forecast_first,test_mse,False,0.13711000049310465,0.13711000049310468,-0.4528267174045023,0.7270467183907116,3
heston_shift,256,20.0,joint_mse,forecast_first,test_es90,False,0.1682123735602823,0.16821237356028232,-0.5555470547165027,0.8919718018370673,3
heston_shift,256,20.0,joint_mse,forecast_first,test_mean_cost,False,0.009737040186155807,0.009737040186155805,-0.032158062350487675,0.05163214272279929,3
heston_shift,256,20.0,joint_mse,forecast_first,reference_mse_gap,False,0.13802896656882005,0.13802896656882008,-0.4558617432230109,0.7319196763606509,3
heston_shift,256,20.0,joint_es90,forecast_first,test_mse,False,0.036545617705753784,0.036545617705753784,-0.120697484076288,0.19378871948779558,3
heston_shift,256,20.0,joint_es90,forecast_first,test_es90,False,-0.030369086635922155,0.030369086635922162,-0.16103672014997056,0.10029854687812624,3
heston_shift,256,20.0,joint_es90,forecast_first,test_mean_cost,False,0.03050656707010979,0.03050656707010979,-0.10075259700938313,0.16176573114960272,3
heston_shift,256,20.0,joint_es90,forecast_first,reference_mse_gap,False,0.03901308186129541,0.03901308186129541,-0.1288466613051465,0.2068728250277373,3
jump_shift,16,5.0,joint_mse,forecast_first,test_mse,False,0.0,0.0,0.0,0.0,3
jump_shift,16,5.0,joint_mse,forecast_first,test_es90,False,0.0,0.0,0.0,0.0,3
jump_shift,16,5.0,joint_mse,forecast_first,test_mean_cost,False,0.0,0.0,0.0,0.0,3
jump_shift,16,5.0,joint_mse,forecast_first,reference_mse_gap,False,0.0,0.0,0.0,0.0,3
jump_shift,16,5.0,joint_es90,forecast_first,test_mse,False,-0.1105058843042294,0.11050588430422939,-0.5859743290592002,0.3649625604507414,3
jump_shift,16,5.0,joint_es90,forecast_first,test_es90,False,-0.11436693080681455,0.11436693080681457,-0.6064481178358231,0.37771425622219396,3
jump_shift,16,5.0,joint_es90,forecast_first,test_mean_cost,False,-0.0065658848893032085,0.0065658848893032085,-0.0348166074314844,0.021684837652877986,3
jump_shift,16,5.0,joint_es90,forecast_first,reference_mse_gap,False,0.02048693987467291,0.02048693987467291,-0.06766124790130158,0.10863512765064741,3
jump_shift,16,20.0,joint_mse,forecast_first,test_mse,False,0.048247846339206646,0.048247846339206646,-0.1593458814167134,0.2558415740951267,3
jump_shift,16,20.0,joint_mse,forecast_first,test_es90,False,0.045533393532864785,0.045533393532864785,-0.15038098644607237,0.24144777351180194,3
jump_shift,16,20.0,joint_mse,forecast_first,test_mean_cost,False,0.00957424319841175,0.009574243198411754,-0.0316204004345198,0.0507688868313433,3
jump_shift,16,20.0,joint_mse,forecast_first,reference_mse_gap,False,0.24780216465549998,0.24780216465549998,-0.8184044955373126,1.3140088248483126,3
jump_shift,16,20.0,joint_es90,forecast_first,test_mse,False,0.048247846339206646,0.048247846339206646,-0.1593458814167134,0.2558415740951267,3
jump_shift,16,20.0,joint_es90,forecast_first,test_es90,False,0.045533393532864785,0.045533393532864785,-0.15038098644607237,0.24144777351180194,3
jump_shift,16,20.0,joint_es90,forecast_first,test_mean_cost,False,0.00957424319841175,0.009574243198411754,-0.0316204004345198,0.0507688868313433,3
jump_shift,16,20.0,joint_es90,forecast_first,reference_mse_gap,False,0.24780216465549998,0.24780216465549998,-0.8184044955373126,1.3140088248483126,3
jump_shift,64,5.0,joint_mse,forecast_first,test_mse,False,0.0,0.0,0.0,0.0,3
jump_shift,64,5.0,joint_mse,forecast_first,test_es90,False,0.0,0.0,0.0,0.0,3
jump_shift,64,5.0,joint_mse,forecast_first,test_mean_cost,False,0.0,0.0,0.0,0.0,3
jump_shift,64,5.0,joint_mse,forecast_first,reference_mse_gap,False,0.0,0.0,0.0,0.0,3
jump_shift,64,5.0,joint_es90,forecast_first,test_mse,False,-0.5262640070201865,0.31527650284639847,-1.8827893126181068,0.8302612985777338,3
jump_shift,64,5.0,joint_es90,forecast_first,test_es90,False,-0.24896883030585984,0.13068389500292749,-0.8112562478744978,0.31331858726277817,3
jump_shift,64,5.0,joint_es90,forecast_first,test_mean_cost,False,-0.011745809595321266,0.007881543983380505,-0.04565735633005384,0.022165737139411307,3
jump_shift,64,5.0,joint_es90,forecast_first,reference_mse_gap,False,-0.32750177855410634,0.16520204830349539,-1.0383088226473434,0.3833052655391306,3
jump_shift,64,20.0,joint_mse,forecast_first,test_mse,False,0.0,0.0,0.0,0.0,3
jump_shift,64,20.0,joint_mse,forecast_first,test_es90,False,0.0,0.0,0.0,0.0,3
jump_shift,64,20.0,joint_mse,forecast_first,test_mean_cost,False,0.0,0.0,0.0,0.0,3
jump_shift,64,20.0,joint_mse,forecast_first,reference_mse_gap,False,0.0,0.0,0.0,0.0,3
jump_shift,64,20.0,joint_es90,forecast_first,test_mse,False,-0.6339919816550038,0.22973605136197234,-1.6224664301694567,0.35448246685944906,3
jump_shift,64,20.0,joint_es90,forecast_first,test_es90,False,-0.45679186368086927,0.039905426093130004,-0.6284910541922905,-0.2850926731694481,3
jump_shift,64,20.0,joint_es90,forecast_first,test_mean_cost,False,-0.03067288135345425,0.04434650988979731,-0.22148051318565215,0.16013475047874365,3
jump_shift,64,20.0,joint_es90,forecast_first,reference_mse_gap,False,-0.5593099198061348,0.17514429752794583,-1.3128950096648029,0.19427517005253325,3
jump_shift,256,5.0,joint_mse,forecast_first,test_mse,False,0.0,0.0,0.0,0.0,3
jump_shift,256,5.0,joint_mse,forecast_first,test_es90,False,0.0,0.0,0.0,0.0,3
jump_shift,256,5.0,joint_mse,forecast_first,test_mean_cost,False,0.0,0.0,0.0,0.0,3
jump_shift,256,5.0,joint_mse,forecast_first,reference_mse_gap,False,0.0,0.0,0.0,0.0,3
jump_shift,256,5.0,joint_es90,forecast_first,test_mse,False,-0.716078810193958,0.2657411421653039,-1.8594706609382428,0.4273130405503268,3
jump_shift,256,5.0,joint_es90,forecast_first,test_es90,False,-0.4279814366492373,0.012332008005391663,-0.481041784556928,-0.37492108874154667,3
jump_shift,256,5.0,joint_es90,forecast_first,test_mean_cost,False,-0.014734101292904,0.006072713310584098,-0.04086287779567456,0.01139467520986656,3
jump_shift,256,5.0,joint_es90,forecast_first,reference_mse_gap,False,-0.5639299930928129,0.05790501231910487,-0.8130751524137857,-0.3147848337718401,3
jump_shift,256,20.0,joint_mse,forecast_first,test_mse,False,-0.0067182065476414365,0.0067182065476414365,-0.03562431628887157,0.0221879031935887,3
jump_shift,256,20.0,joint_mse,forecast_first,test_es90,False,-0.0534337029148757,0.05343370291487571,-0.2833403706221874,0.17647296479243604,3
jump_shift,256,20.0,joint_mse,forecast_first,test_mean_cost,False,0.02381040419228797,0.02381040419228797,-0.0786374964020979,0.12625830478667383,3
jump_shift,256,20.0,joint_mse,forecast_first,reference_mse_gap,False,0.043887482045566216,0.043887482045566216,-0.14494511237961977,0.2327200764707522,3
jump_shift,256,20.0,joint_es90,forecast_first,test_mse,False,-0.43771637708716743,0.3164926332301401,-1.799474269400425,0.9240415152260901,3
jump_shift,256,20.0,joint_es90,forecast_first,test_es90,False,-0.283292430221002,0.1436713811710327,-0.9014604906034214,0.33487563016141736,3
jump_shift,256,20.0,joint_es90,forecast_first,test_mean_cost,False,0.005164901402170334,0.022297256606168978,-0.09077245060028684,0.10110225340462752,3
jump_shift,256,20.0,joint_es90,forecast_first,reference_mse_gap,False,-0.28125565228610405,0.17766733985946292,-1.0456965171197474,0.48318521254753943,3
