scenario,replicate,validation_n,fee_bps,budget,selector,candidate,policy,multiplier,hedge_vol,validation_feasible,validation_mse,validation_es90,validation_mean_cost,test_mse,test_variance,test_bias_squared,test_mean_pnl,test_es90,test_mean_cost,test_budget_met,reference_best_candidate,reference_any_feasible,reference_best_mse,reference_selected_mse,reference_selected_budget_met,reference_mse_gap
matched_gbm,0,16,5.0,0.18,forecast_first,vol1_daily,daily,1.0,0.19626241938005953,True,0.17443376807859556,0.7019274305198517,0.12836696857603014,0.17056118098197265,0.14308457120438678,0.027476609777585887,-0.16576070034114204,0.93460147262618,0.12720190660782316,True,vol1_daily,True,0.22583457321045283,0.22583457321045283,True,0.0
matched_gbm,0,16,5.0,0.18,joint_mse,vol1_daily,daily,1.0,0.19626241938005953,True,0.17443376807859556,0.7019274305198517,0.12836696857603014,0.17056118098197265,0.14308457120438678,0.027476609777585887,-0.16576070034114204,0.93460147262618,0.12720190660782316,True,vol1_daily,True,0.22583457321045283,0.22583457321045283,True,0.0
matched_gbm,0,16,5.0,0.18,joint_es90,vol1.25_daily,daily,1.25,0.2453280242250744,True,0.19415469822228604,0.4825583790812999,0.1204234498051753,0.1640834591271103,0.14198327556442136,0.022100183562688953,-0.1486613048600373,0.7833794141419862,0.11899297804835768,True,vol1_daily,True,0.22583457321045283,0.2465405627276895,True,0.020705989517236678
matched_gbm,0,64,5.0,0.18,forecast_first,vol1_daily,daily,1.0,0.19626241938005953,True,0.14188199232767082,0.7543233528575005,0.12717595542547663,0.17056118098197265,0.14308457120438678,0.027476609777585887,-0.16576070034114204,0.93460147262618,0.12720190660782316,True,vol1_daily,True,0.22583457321045283,0.22583457321045283,True,0.0
matched_gbm,0,64,5.0,0.18,joint_mse,vol1_daily,daily,1.0,0.19626241938005953,True,0.14188199232767082,0.7543233528575005,0.12717595542547663,0.17056118098197265,0.14308457120438678,0.027476609777585887,-0.16576070034114204,0.93460147262618,0.12720190660782316,True,vol1_daily,True,0.22583457321045283,0.22583457321045283,True,0.0
matched_gbm,0,64,5.0,0.18,joint_es90,vol1.25_daily,daily,1.25,0.2453280242250744,True,0.16161844354196916,0.7521130080863322,0.11949172012820729,0.1640834591271103,0.14198327556442136,0.022100183562688953,-0.1486613048600373,0.7833794141419862,0.11899297804835768,True,vol1_daily,True,0.22583457321045283,0.2465405627276895,True,0.020705989517236678
matched_gbm,0,256,5.0,0.18,forecast_first,vol1_daily,daily,1.0,0.19626241938005953,True,0.20195170562149245,0.9163817415780888,0.12472522208094604,0.17056118098197265,0.14308457120438678,0.027476609777585887,-0.16576070034114204,0.93460147262618,0.12720190660782316,True,vol1_daily,True,0.22583457321045283,0.22583457321045283,True,0.0
matched_gbm,0,256,5.0,0.18,joint_mse,vol1_daily,daily,1.0,0.19626241938005953,True,0.20195170562149245,0.9163817415780888,0.12472522208094604,0.17056118098197265,0.14308457120438678,0.027476609777585887,-0.16576070034114204,0.93460147262618,0.12720190660782316,True,vol1_daily,True,0.22583457321045283,0.22583457321045283,True,0.0
matched_gbm,0,256,5.0,0.18,joint_es90,vol1.25_daily,daily,1.25,0.2453280242250744,True,0.2270290904102979,0.8493740883941685,0.11672664405971091,0.1640834591271103,0.14198327556442136,0.022100183562688953,-0.1486613048600373,0.7833794141419862,0.11899297804835768,True,vol1_daily,True,0.22583457321045283,0.2465405627276895,True,0.020705989517236678
matched_gbm,0,16,20.0,0.72,forecast_first,vol1_band10,band10,1.0,0.19626241938005953,True,0.43296447022419177,0.952905344786288,0.3259767362806514,0.4403749786019179,0.3135293097046912,0.12684566889722665,-0.3561539960427605,1.3111173203508255,0.33340248853744947,True,vol1_band05,True,0.4419873710227842,0.5639785390731701,True,0.1219911680503859
matched_gbm,0,16,20.0,0.72,joint_mse,vol1.25_daily,daily,1.25,0.2453280242250744,True,0.4052257441591584,0.9820392045736511,0.4816937992207012,0.40666071160856654,0.15098866030742145,0.2556720513011451,-0.5056402390051103,1.1761680947718265,0.4759719121934307,True,vol1_band05,True,0.4419873710227842,0.4465461414605112,True,0.004558770437727011
matched_gbm,0,16,20.0,0.72,joint_es90,vol1.25_band10,band10,1.25,0.2453280242250744,True,0.4517897287682728,0.8809292155818242,0.3033821213291186,0.5531197439001196,0.44242862429914265,0.11069111960097693,-0.33270274961439217,1.5330521018491738,0.3133365045207011,True,vol1_band05,True,0.4419873710227842,0.6953522462024657,True,0.25336487517968154
matched_gbm,0,64,20.0,0.72,forecast_first,vol1_band10,band10,1.0,0.19626241938005953,True,0.29660665546749343,1.0970842231820293,0.328733379892282,0.4403749786019179,0.3135293097046912,0.12684566889722665,-0.3561539960427605,1.3111173203508255,0.33340248853744947,True,vol1_band05,True,0.4419873710227842,0.5639785390731701,True,0.1219911680503859
matched_gbm,0,64,20.0,0.72,joint_mse,vol1_band10,band10,1.0,0.19626241938005953,True,0.29660665546749343,1.0970842231820293,0.328733379892282,0.4403749786019179,0.3135293097046912,0.12684566889722665,-0.3561539960427605,1.3111173203508255,0.33340248853744947,True,vol1_band05,True,0.4419873710227842,0.5639785390731701,True,0.1219911680503859
matched_gbm,0,64,20.0,0.72,joint_es90,vol1_band10,band10,1.0,0.19626241938005953,True,0.29660665546749343,1.0970842231820293,0.328733379892282,0.4403749786019179,0.3135293097046912,0.12684566889722665,-0.3561539960427605,1.3111173203508255,0.33340248853744947,True,vol1_band05,True,0.4419873710227842,0.5639785390731701,True,0.1219911680503859
matched_gbm,0,256,20.0,0.72,forecast_first,vol1_band05,band05,1.0,0.19626241938005953,True,0.38726170455091047,1.3063390217856783,0.3806138901107498,0.35530955839063266,0.18348573601762472,0.17182382237300795,-0.4145163716585968,1.197443296771668,0.38960390433302894,True,vol1_band05,True,0.4419873710227842,0.4419873710227842,True,0.0
matched_gbm,0,256,20.0,0.72,joint_mse,vol1_band05,band05,1.0,0.19626241938005953,True,0.38726170455091047,1.3063390217856783,0.3806138901107498,0.35530955839063266,0.18348573601762472,0.17182382237300795,-0.4145163716585968,1.197443296771668,0.38960390433302894,True,vol1_band05,True,0.4419873710227842,0.4419873710227842,True,0.0
matched_gbm,0,256,20.0,0.72,joint_es90,vol1.25_daily,daily,1.25,0.2453280242250744,True,0.42964228734764043,1.2375407942070016,0.46690657623884363,0.40666071160856654,0.15098866030742145,0.2556720513011451,-0.5056402390051103,1.1761680947718265,0.4759719121934307,True,vol1_band05,True,0.4419873710227842,0.4465461414605112,True,0.004558770437727011
matched_gbm,1,16,5.0,0.18,forecast_first,vol1.25_daily,daily,1.25,0.23393865457153576,True,0.26440985530120475,0.888506648790477,0.11496993562097094,0.24986787176823524,0.24309035963108588,0.006777512137149407,-0.08232564689784956,0.9107682814150888,0.11484934850253718,True,vol1_daily,True,0.16849986534543437,0.1893161813000775,True,0.020816315954643116
matched_gbm,1,16,5.0,0.18,joint_mse,vol1_daily,daily,1.0,0.1871509236572286,True,0.18942706062939357,0.9314387589413071,0.11970346663721662,0.24944292143012267,0.24374051601188068,0.005702405418242043,-0.07551427294387494,0.9621848625183197,0.12173470008858277,True,vol1_daily,True,0.16849986534543437,0.16849986534543437,True,0.0
matched_gbm,1,16,5.0,0.18,joint_es90,vol1.25_daily,daily,1.25,0.23393865457153576,True,0.26440985530120475,0.888506648790477,0.11496993562097094,0.24986787176823524,0.24309035963108588,0.006777512137149407,-0.08232564689784956,0.9107682814150888,0.11484934850253718,True,vol1_daily,True,0.16849986534543437,0.1893161813000775,True,0.020816315954643116
matched_gbm,1,64,5.0,0.18,forecast_first,vol1_daily,daily,1.0,0.1871509236572286,True,0.20522198754667914,0.9253329782844323,0.1253182064269358,0.24944292143012267,0.24374051601188068,0.005702405418242043,-0.07551427294387494,0.9621848625183197,0.12173470008858277,True,vol1_daily,True,0.16849986534543437,0.16849986534543437,True,0.0
matched_gbm,1,64,5.0,0.18,joint_mse,vol1.25_daily,daily,1.25,0.23393865457153576,True,0.20368916288140682,0.7979873366949488,0.1179711967169393,0.24986787176823524,0.24309035963108588,0.006777512137149407,-0.08232564689784956,0.9107682814150888,0.11484934850253718,True,vol1_daily,True,0.16849986534543437,0.1893161813000775,True,0.020816315954643116
matched_gbm,1,64,5.0,0.18,joint_es90,vol1.25_daily,daily,1.25,0.23393865457153576,True,0.20368916288140682,0.7979873366949488,0.1179711967169393,0.24986787176823524,0.24309035963108588,0.006777512137149407,-0.08232564689784956,0.9107682814150888,0.11484934850253718,True,vol1_daily,True,0.16849986534543437,0.1893161813000775,True,0.020816315954643116
matched_gbm,1,256,5.0,0.18,forecast_first,vol1_daily,daily,1.0,0.1871509236572286,True,0.19044312867399588,0.9246722539497436,0.12195890849202862,0.24944292143012267,0.24374051601188068,0.005702405418242043,-0.07551427294387494,0.9621848625183197,0.12173470008858277,True,vol1_daily,True,0.16849986534543437,0.16849986534543437,True,0.0
matched_gbm,1,256,5.0,0.18,joint_mse,vol1_daily,daily,1.0,0.1871509236572286,True,0.19044312867399588,0.9246722539497436,0.12195890849202862,0.24944292143012267,0.24374051601188068,0.005702405418242043,-0.07551427294387494,0.9621848625183197,0.12173470008858277,True,vol1_daily,True,0.16849986534543437,0.16849986534543437,True,0.0
matched_gbm,1,256,5.0,0.18,joint_es90,vol1.25_daily,daily,1.25,0.23393865457153576,True,0.19439638555693267,0.8328187906630755,0.11456238242892341,0.24986787176823524,0.24309035963108588,0.006777512137149407,-0.08232564689784956,0.9107682814150888,0.11484934850253718,True,vol1_daily,True,0.16849986534543437,0.1893161813000775,True,0.020816315954643116
matched_gbm,1,16,20.0,0.72,forecast_first,vol1.25_daily,daily,1.25,0.23393865457153576,True,0.581184701411043,1.2376000606142292,0.45987974248388375,0.4410731823109193,0.25885203304304705,0.18222114926787225,-0.42687369240546114,1.3050873712884672,0.45939739401014873,True,vol1_band05,True,0.349809769057435,0.3670782720684251,True,0.01726850301099009
matched_gbm,1,16,20.0,0.72,joint_mse,vol1_daily,daily,1.0,0.1871509236572286,True,0.4671641998987067,1.373911971432634,0.4788138665488665,0.4741002976075846,0.27986761312304786,0.19423268448453676,-0.44071837320962326,1.400226866270475,0.48693880035433107,True,vol1_band05,True,0.349809769057435,0.3903151911173083,True,0.040505422059873286
matched_gbm,1,16,20.0,0.72,joint_es90,vol1.25_daily,daily,1.25,0.23393865457153576,True,0.581184701411043,1.2376000606142292,0.45987974248388375,0.4410731823109193,0.25885203304304705,0.18222114926787225,-0.42687369240546114,1.3050873712884672,0.45939739401014873,True,vol1_band05,True,0.349809769057435,0.3670782720684251,True,0.01726850301099009
matched_gbm,1,64,20.0,0.72,forecast_first,vol1_band05,band05,1.0,0.1871509236572286,True,0.49775685733138797,1.358075234384884,0.3912001109126816,0.42610563765147574,0.2963515534959616,0.12975408415551418,-0.36021394220034597,1.3650810632597832,0.3771399383128621,True,vol1_band05,True,0.349809769057435,0.349809769057435,True,0.0
matched_gbm,1,64,20.0,0.72,joint_mse,vol1.25_daily,daily,1.25,0.23393865457153576,True,0.4896178262507836,1.1867033914261946,0.4718847868677572,0.4410731823109193,0.25885203304304705,0.18222114926787225,-0.42687369240546114,1.3050873712884672,0.45939739401014873,True,vol1_band05,True,0.349809769057435,0.3670782720684251,True,0.01726850301099009
matched_gbm,1,64,20.0,0.72,joint_es90,vol1.25_daily,daily,1.25,0.23393865457153576,True,0.4896178262507836,1.1867033914261946,0.4718847868677572,0.4410731823109193,0.25885203304304705,0.18222114926787225,-0.42687369240546114,1.3050873712884672,0.45939739401014873,True,vol1_band05,True,0.349809769057435,0.3670782720684251,True,0.01726850301099009
matched_gbm,1,256,20.0,0.72,forecast_first,vol1_band05,band05,1.0,0.1871509236572286,True,0.4205589892640878,1.3238606387017902,0.3774117503079062,0.42610563765147574,0.2963515534959616,0.12975408415551418,-0.36021394220034597,1.3650810632597832,0.3771399383128621,True,vol1_band05,True,0.349809769057435,0.349809769057435,True,0.0
matched_gbm,1,256,20.0,0.72,joint_mse,vol1.25_daily,daily,1.25,0.23393865457153576,True,0.4187337526173318,1.2328211230207746,0.45824952971569366,0.4410731823109193,0.25885203304304705,0.18222114926787225,-0.42687369240546114,1.3050873712884672,0.45939739401014873,True,vol1_band05,True,0.349809769057435,0.3670782720684251,True,0.01726850301099009
matched_gbm,1,256,20.0,0.72,joint_es90,vol1.25_daily,daily,1.25,0.23393865457153576,True,0.4187337526173318,1.2328211230207746,0.45824952971569366,0.4410731823109193,0.25885203304304705,0.18222114926787225,-0.42687369240546114,1.3050873712884672,0.45939739401014873,True,vol1_band05,True,0.349809769057435,0.3670782720684251,True,0.01726850301099009
matched_gbm,2,16,5.0,0.18,forecast_first,vol1_daily,daily,1.0,0.20627877358511412,True,0.16827113162129034,0.4310693351984475,0.1273956098447726,0.1699190399527954,0.16406450512033538,0.005854534832460025,-0.07651493208818802,0.846309188169666,0.12077810353837826,True,vol1_daily,True,0.19461892796763303,0.19461892796763303,True,0.0
matched_gbm,2,16,5.0,0.18,joint_mse,vol1_daily,daily,1.0,0.20627877358511412,True,0.16827113162129034,0.4310693351984475,0.1273956098447726,0.1699190399527954,0.16406450512033538,0.005854534832460025,-0.07651493208818802,0.846309188169666,0.12077810353837826,True,vol1_daily,True,0.19461892796763303,0.19461892796763303,True,0.0
matched_gbm,2,16,5.0,0.18,joint_es90,vol1_daily,daily,1.0,0.20627877358511412,True,0.16827113162129034,0.4310693351984475,0.1273956098447726,0.1699190399527954,0.16406450512033538,0.005854534832460025,-0.07651493208818802,0.846309188169666,0.12077810353837826,True,vol1_daily,True,0.19461892796763303,0.19461892796763303,True,0.0
matched_gbm,2,64,5.0,0.18,forecast_first,vol1_daily,daily,1.0,0.20627877358511412,True,0.17757986207192963,0.7785859459212737,0.12321658966643993,0.1699190399527954,0.16406450512033538,0.005854534832460025,-0.07651493208818802,0.846309188169666,0.12077810353837826,True,vol1_daily,True,0.19461892796763303,0.19461892796763303,True,0.0
matched_gbm,2,64,5.0,0.18,joint_mse,vol1_daily,daily,1.0,0.20627877358511412,True,0.17757986207192963,0.7785859459212737,0.12321658966643993,0.1699190399527954,0.16406450512033538,0.005854534832460025,-0.07651493208818802,0.846309188169666,0.12077810353837826,True,vol1_daily,True,0.19461892796763303,0.19461892796763303,True,0.0
matched_gbm,2,64,5.0,0.18,joint_es90,vol1.25_daily,daily,1.25,0.25784846698139263,True,0.22531899570849206,0.7305392337087473,0.11508021549327836,0.21113982446092142,0.2026711779038083,0.008468646557113138,-0.09202524956289518,0.8178568460056107,0.11417572776541154,True,vol1_daily,True,0.19461892796763303,0.22836296583120808,True,0.03374403786357505
matched_gbm,2,256,5.0,0.18,forecast_first,vol1_daily,daily,1.0,0.20627877358511412,True,0.2006123079647022,0.8866041888952487,0.12059867145019312,0.1699190399527954,0.16406450512033538,0.005854534832460025,-0.07651493208818802,0.846309188169666,0.12077810353837826,True,vol1_daily,True,0.19461892796763303,0.19461892796763303,True,0.0
matched_gbm,2,256,5.0,0.18,joint_mse,vol1_daily,daily,1.0,0.20627877358511412,True,0.2006123079647022,0.8866041888952487,0.12059867145019312,0.1699190399527954,0.16406450512033538,0.005854534832460025,-0.07651493208818802,0.846309188169666,0.12077810353837826,True,vol1_daily,True,0.19461892796763303,0.19461892796763303,True,0.0
matched_gbm,2,256,5.0,0.18,joint_es90,vol1_daily,daily,1.0,0.20627877358511412,True,0.2006123079647022,0.8866041888952487,0.12059867145019312,0.1699190399527954,0.16406450512033538,0.005854534832460025,-0.07651493208818802,0.846309188169666,0.12077810353837826,True,vol1_daily,True,0.19461892796763303,0.19461892796763303,True,0.0
matched_gbm,2,16,20.0,0.72,forecast_first,vol1_band05,band05,1.0,0.20627877358511412,True,0.3513721275885243,0.8919787889580174,0.3944981658339769,0.36918366336929564,0.25399834624943635,0.11518531711985934,-0.33938962435504616,1.2527334880602021,0.3742790015697557,True,vol1_band05,True,0.4065627730885406,0.4065627730885406,True,0.0
matched_gbm,2,16,20.0,0.72,joint_mse,vol0.75_band05,band05,0.75,0.15470908018883558,True,0.33637081429130683,0.9766035235245206,0.432175793387647,0.3876711528463592,0.27457941962889065,0.11309173321746865,-0.33629114353112044,1.4288865595531204,0.4048419672135942,True,vol1_band05,True,0.4065627730885406,0.4664799203056044,True,0.059917147217063815
matched_gbm,2,16,20.0,0.72,joint_es90,vol1_daily,daily,1.0,0.20627877358511412,True,0.3708099869744966,0.8602158225734005,0.5095824393790904,0.3742180753026768,0.18162941748139683,0.19258865782127993,-0.4388492427033228,1.2919671317160026,0.483112414153513,True,vol1_band05,True,0.4065627730885406,0.4520616461016799,True,0.04549887301313932
matched_gbm,2,64,20.0,0.72,forecast_first,vol1_daily,daily,1.0,0.20627877358511412,True,0.45060546569302007,1.2897293632891094,0.49286635866575973,0.3742180753026768,0.18162941748139683,0.19258865782127993,-0.4388492427033228,1.2919671317160026,0.483112414153513,True,vol1_band05,True,0.4065627730885406,0.4520616461016799,True,0.04549887301313932
matched_gbm,2,64,20.0,0.72,joint_mse,vol1.25_daily,daily,1.25,0.25784846698139263,True,0.4387098420290069,1.0213973824477804,0.46032086197311345,0.3925201070544544,0.20368429015066591,0.18883581690378853,-0.4345524328591298,1.1773278625004238,0.4567029110616462,True,vol1_band05,True,0.4065627730885406,0.4327875137381746,True,0.026224740649633982
matched_gbm,2,64,20.0,0.72,joint_es90,vol1.25_daily,daily,1.25,0.25784846698139263,True,0.4387098420290069,1.0213973824477804,0.46032086197311345,0.3925201070544544,0.20368429015066591,0.18883581690378853,-0.4345524328591298,1.1773278625004238,0.4567029110616462,True,vol1_band05,True,0.4065627730885406,0.4327875137381746,True,0.026224740649633982
matched_gbm,2,256,20.0,0.72,forecast_first,vol1_band05,band05,1.0,0.20627877358511412,True,0.47280840522432954,1.346971163342256,0.37224884841076133,0.36918366336929564,0.25399834624943635,0.11518531711985934,-0.33938962435504616,1.2527334880602021,0.3742790015697557,True,vol1_band05,True,0.4065627730885406,0.4065627730885406,True,0.0
matched_gbm,2,256,20.0,0.72,joint_mse,vol1_band05,band05,1.0,0.20627877358511412,True,0.47280840522432954,1.346971163342256,0.37224884841076133,0.36918366336929564,0.25399834624943635,0.11518531711985934,-0.33938962435504616,1.2527334880602021,0.3742790015697557,True,vol1_band05,True,0.4065627730885406,0.4065627730885406,True,0.0
matched_gbm,2,256,20.0,0.72,joint_es90,vol1.25_daily,daily,1.25,0.25784846698139263,True,0.48861424354572985,1.2744451637056904,0.4533399491621791,0.3925201070544544,0.20368429015066591,0.18883581690378853,-0.4345524328591298,1.1773278625004238,0.4567029110616462,True,vol1_band05,True,0.4065627730885406,0.4327875137381746,True,0.026224740649633982
heston,0,16,5.0,0.18,forecast_first,vol0.75_daily,daily,0.75,0.18251549145932816,True,0.05357479760380996,0.40156824333142227,0.11323623664854668,0.20373315580286766,0.19095472498274496,0.012778430820122696,-0.11304172159040526,1.0259884018987702,0.1301403816764896,True,vol0.75_daily,True,0.2326064492219908,0.2326064492219908,True,0.0
heston,0,16,5.0,0.18,joint_mse,vol0.75_daily,daily,0.75,0.18251549145932816,True,0.05357479760380996,0.40156824333142227,0.11323623664854668,0.20373315580286766,0.19095472498274496,0.012778430820122696,-0.11304172159040526,1.0259884018987702,0.1301403816764896,True,vol0.75_daily,True,0.2326064492219908,0.2326064492219908,True,0.0
heston,0,16,5.0,0.18,joint_es90,vol0.75_daily,daily,0.75,0.18251549145932816,True,0.05357479760380996,0.40156824333142227,0.11323623664854668,0.20373315580286766,0.19095472498274496,0.012778430820122696,-0.11304172159040526,1.0259884018987702,0.1301403816764896,True,vol0.75_daily,True,0.2326064492219908,0.2326064492219908,True,0.0
heston,0,64,5.0,0.18,forecast_first,vol0.75_band05,band05,0.75,0.18251549145932816,True,0.24243180751846655,1.0557271054925492,0.09521620412851713,0.2514275461717259,0.2439934017608195,0.007434144410906443,-0.08622148462481055,0.9825407977816535,0.10038609831178637,True,vol0.75_daily,True,0.2326064492219908,0.2583683604128453,True,0.02576191119085447
heston,0,64,5.0,0.18,joint_mse,vol0.75_band05,band05,0.75,0.18251549145932816,True,0.24243180751846655,1.0557271054925492,0.09521620412851713,0.2514275461717259,0.2439934017608195,0.007434144410906443,-0.08622148462481055,0.9825407977816535,0.10038609831178637,True,vol0.75_daily,True,0.2326064492219908,0.2583683604128453,True,0.02576191119085447
heston,0,64,5.0,0.18,joint_es90,vol1_band05,band05,1.0,0.24335398861243754,True,0.262895408065908,0.9546718206642292,0.08773403262822768,0.3151295404843719,0.30958316683931747,0.005546373645054482,-0.07447397965097932,0.9201380235835223,0.09162608891038077,True,vol0.75_daily,True,0.2326064492219908,0.3593504360596389,True,0.1267439868376481
heston,0,256,5.0,0.18,forecast_first,vol0.75_daily,daily,0.75,0.18251549145932816,True,0.2108966735732924,0.9478267354398298,0.12570208402011956,0.20373315580286766,0.19095472498274496,0.012778430820122696,-0.11304172159040526,1.0259884018987702,0.1301403816764896,True,vol0.75_daily,True,0.2326064492219908,0.2326064492219908,True,0.0
heston,0,256,5.0,0.18,joint_mse,vol0.75_daily,daily,0.75,0.18251549145932816,True,0.2108966735732924,0.9478267354398298,0.12570208402011956,0.20373315580286766,0.19095472498274496,0.012778430820122696,-0.11304172159040526,1.0259884018987702,0.1301403816764896,True,vol0.75_daily,True,0.2326064492219908,0.2326064492219908,True,0.0
heston,0,256,5.0,0.18,joint_es90,vol1_daily,daily,1.0,0.24335398861243754,True,0.23707059745490017,0.849947400714634,0.11649190075122502,0.22289039354328039,0.21313862806757977,0.009751765475700612,-0.0987510277197185,0.8570701133448415,0.11976206450449259,True,vol0.75_daily,True,0.2326064492219908,0.26101277084489405,True,0.02840632162290324
heston,0,16,20.0,0.72,forecast_first,vol0.75_band05,band05,0.75,0.18251549145932816,True,0.09742602613698521,0.5880939486321656,0.34597119789149505,0.4269380897319479,0.27687499611986227,0.15006309361208564,-0.38737977956016967,1.3811439694282754,0.40154439324714547,True,vol0.75_band05,True,0.38667054257726075,0.38667054257726075,True,0.0
heston,0,16,20.0,0.72,joint_mse,vol0.75_band05,band05,0.75,0.18251549145932816,True,0.09742602613698521,0.5880939486321656,0.34597119789149505,0.4269380897319479,0.27687499611986227,0.15006309361208564,-0.38737977956016967,1.3811439694282754,0.40154439324714547,True,vol0.75_band05,True,0.38667054257726075,0.38667054257726075,True,0.0
heston,0,16,20.0,0.72,joint_es90,vol0.75_band05,band05,0.75,0.18251549145932816,True,0.09742602613698521,0.5880939486321656,0.34597119789149505,0.4269380897319479,0.27687499611986227,0.15006309361208564,-0.38737977956016967,1.3811439694282754,0.40154439324714547,True,vol0.75_band05,True,0.38667054257726075,0.38667054257726075,True,0.0
heston,0,64,20.0,0.72,forecast_first,vol0.75_band10,band10,0.75,0.18251549145932816,True,0.4049912064102136,1.2661401364997125,0.3275723604806042,0.4757098490165911,0.3714193599496987,0.10429048906689231,-0.3229403800500834,1.3900000361717357,0.3431860797319549,True,vol0.75_band05,True,0.38667054257726075,0.5018184102010095,True,0.11514786762374873
heston,0,64,20.0,0.72,joint_mse,vol0.75_band10,band10,0.75,0.18251549145932816,True,0.4049912064102136,1.2661401364997125,0.3275723604806042,0.4757098490165911,0.3714193599496987,0.10429048906689231,-0.3229403800500834,1.3900000361717357,0.3431860797319549,True,vol0.75_band05,True,0.38667054257726075,0.5018184102010095,True,0.11514786762374873
heston,0,64,20.0,0.72,joint_es90,vol0.75_band10,band10,0.75,0.18251549145932816,True,0.4049912064102136,1.2661401364997125,0.3275723604806042,0.4757098490165911,0.3714193599496987,0.10429048906689231,-0.3229403800500834,1.3900000361717357,0.3431860797319549,True,vol0.75_band05,True,0.38667054257726075,0.5018184102010095,True,0.11514786762374873
heston,0,256,20.0,0.72,forecast_first,vol0.75_band05,band05,0.75,0.18251549145932816,True,0.39149729134094957,1.322968007116847,0.3886381895826019,0.4269380897319479,0.27687499611986227,0.15006309361208564,-0.38737977956016967,1.3811439694282754,0.40154439324714547,True,vol0.75_band05,True,0.38667054257726075,0.38667054257726075,True,0.0
heston,0,256,20.0,0.72,joint_mse,vol0.75_band05,band05,0.75,0.18251549145932816,True,0.39149729134094957,1.322968007116847,0.3886381895826019,0.4269380897319479,0.27687499611986227,0.15006309361208564,-0.38737977956016967,1.3811439694282754,0.40154439324714547,True,vol0.75_band05,True,0.38667054257726075,0.38667054257726075,True,0.0
heston,0,256,20.0,0.72,joint_es90,vol1_daily,daily,1.0,0.24335398861243754,True,0.42178607273902724,1.2318330271903901,0.4659676030049001,0.43349177593192056,0.22369367989689254,0.20979809603502805,-0.45803722123319635,1.3072986831448494,0.47904825801797035,True,vol0.75_band05,True,0.38667054257726075,0.4435263904591127,True,0.05685584788185194
heston,1,16,5.0,0.18,forecast_first,vol1.25_daily,daily,1.25,0.16932625173801422,True,0.2466618685487491,1.049813548768902,0.13635962640389854,0.29329300659045865,0.27456345229629875,0.018729554294159897,-0.13685596185099097,1.2225935043836866,0.12819654180775827,True,vol1.25_daily,True,0.28215011120875766,0.28215011120875766,True,0.0
heston,1,16,5.0,0.18,joint_mse,vol1.25_daily,daily,1.25,0.16932625173801422,True,0.2466618685487491,1.049813548768902,0.13635962640389854,0.29329300659045865,0.27456345229629875,0.018729554294159897,-0.13685596185099097,1.2225935043836866,0.12819654180775827,True,vol1.25_daily,True,0.28215011120875766,0.28215011120875766,True,0.0
heston,1,16,5.0,0.18,joint_es90,vol1.25_band10,band10,1.25,0.16932625173801422,True,0.3835757871822123,1.0275946256868036,0.08960414564509817,0.34768867690870964,0.34375437983753515,0.00393429707117447,-0.06272397525009452,1.0408315905017615,0.08450081000349303,True,vol1.25_daily,True,0.28215011120875766,0.390536293848417,True,0.10838618263965932
heston,1,64,5.0,0.18,forecast_first,vol1.25_band05,band05,1.25,0.16932625173801422,True,0.23473084436194253,0.9772018827650798,0.09784148657189863,0.27401197192395954,0.2632754960092344,0.010736475914725152,-0.10361696731098219,1.0628370147440642,0.09918741137705447,True,vol1.25_daily,True,0.28215011120875766,0.29217068980211774,True,0.010020578593360085
heston,1,64,5.0,0.18,joint_mse,vol1.25_band05,band05,1.25,0.16932625173801422,True,0.23473084436194253,0.9772018827650798,0.09784148657189863,0.27401197192395954,0.2632754960092344,0.010736475914725152,-0.10361696731098219,1.0628370147440642,0.09918741137705447,True,vol1.25_daily,True,0.28215011120875766,0.29217068980211774,True,0.010020578593360085
heston,1,64,5.0,0.18,joint_es90,vol1.25_band05,band05,1.25,0.16932625173801422,True,0.23473084436194253,0.9772018827650798,0.09784148657189863,0.27401197192395954,0.2632754960092344,0.010736475914725152,-0.10361696731098219,1.0628370147440642,0.09918741137705447,True,vol1.25_daily,True,0.28215011120875766,0.29217068980211774,True,0.010020578593360085
heston,1,256,5.0,0.18,forecast_first,vol1.25_daily,daily,1.25,0.16932625173801422,True,0.3156469785557464,1.2341147088442934,0.1264715181152109,0.29329300659045865,0.27456345229629875,0.018729554294159897,-0.13685596185099097,1.2225935043836866,0.12819654180775827,True,vol1.25_daily,True,0.28215011120875766,0.28215011120875766,True,0.0
heston,1,256,5.0,0.18,joint_mse,vol1.25_daily,daily,1.25,0.16932625173801422,True,0.3156469785557464,1.2341147088442934,0.1264715181152109,0.29329300659045865,0.27456345229629875,0.018729554294159897,-0.13685596185099097,1.2225935043836866,0.12819654180775827,True,vol1.25_daily,True,0.28215011120875766,0.28215011120875766,True,0.0
heston,1,256,5.0,0.18,joint_es90,vol1.25_band05,band05,1.25,0.16932625173801422,True,0.3174508571029827,1.1611934020624997,0.09887858696861344,0.27401197192395954,0.2632754960092344,0.010736475914725152,-0.10361696731098219,1.0628370147440642,0.09918741137705447,True,vol1.25_daily,True,0.28215011120875766,0.29217068980211774,True,0.010020578593360085
heston,1,16,20.0,0.72,forecast_first,vol1.25_band10,band10,1.25,0.16932625173801422,True,0.446237417217134,1.3754817895712634,0.35841658258039266,0.4561166976584402,0.35611755827441566,0.09999913938402454,-0.3162264052605736,1.3122997652862052,0.33800324001397214,True,vol1.25_band05,True,0.46649980836863036,0.5184178079879107,True,0.05191799961928034
heston,1,16,20.0,0.72,joint_mse,vol1.25_band10,band10,1.25,0.16932625173801422,True,0.446237417217134,1.3754817895712634,0.35841658258039266,0.4561166976584402,0.35611755827441566,0.09999913938402454,-0.3162264052605736,1.3122997652862052,0.33800324001397214,True,vol1.25_band05,True,0.46649980836863036,0.5184178079879107,True,0.05191799961928034
heston,1,16,20.0,0.72,joint_es90,vol1.25_band10,band10,1.25,0.16932625173801422,True,0.446237417217134,1.3754817895712634,0.35841658258039266,0.4561166976584402,0.35611755827441566,0.09999913938402454,-0.3162264052605736,1.3122997652862052,0.33800324001397214,True,vol1.25_band05,True,0.46649980836863036,0.5184178079879107,True,0.05191799961928034
heston,1,64,20.0,0.72,forecast_first,vol1.25_band05,band05,1.25,0.16932625173801422,True,0.3781576440620375,1.362851842902294,0.3913659462875945,0.4514993506760056,0.2905545990062479,0.16094475166975764,-0.4011792014421456,1.4317480884192786,0.3967496455082179,True,vol1.25_band05,True,0.46649980836863036,0.46649980836863036,True,0.0
heston,1,64,20.0,0.72,joint_mse,vol1.25_band05,band05,1.25,0.16932625173801422,True,0.3781576440620375,1.362851842902294,0.3913659462875945,0.4514993506760056,0.2905545990062479,0.16094475166975764,-0.4011792014421456,1.4317480884192786,0.3967496455082179,True,vol1.25_band05,True,0.46649980836863036,0.46649980836863036,True,0.0
heston,1,64,20.0,0.72,joint_es90,vol1.25_band10,band10,1.25,0.16932625173801422,True,0.40968507319839426,1.2953085744138955,0.331485777289291,0.4561166976584402,0.35611755827441566,0.09999913938402454,-0.3162264052605736,1.3122997652862052,0.33800324001397214,True,vol1.25_band05,True,0.46649980836863036,0.5184178079879107,True,0.05191799961928034
heston,1,256,20.0,0.72,forecast_first,vol1.25_band05,band05,1.25,0.16932625173801422,True,0.5399043992093535,1.5803635142270653,0.3955143478744538,0.4514993506760056,0.2905545990062479,0.16094475166975764,-0.4011792014421456,1.4317480884192786,0.3967496455082179,True,vol1.25_band05,True,0.46649980836863036,0.46649980836863036,True,0.0
heston,1,256,20.0,0.72,joint_mse,vol1.25_band05,band05,1.25,0.16932625173801422,True,0.5399043992093535,1.5803635142270653,0.3955143478744538,0.4514993506760056,0.2905545990062479,0.16094475166975764,-0.4011792014421456,1.4317480884192786,0.3967496455082179,True,vol1.25_band05,True,0.46649980836863036,0.46649980836863036,True,0.0
heston,1,256,20.0,0.72,joint_es90,vol1.25_band10,band10,1.25,0.16932625173801422,True,0.6021391452241318,1.5513520228092366,0.33951315769668755,0.4561166976584402,0.35611755827441566,0.09999913938402454,-0.3162264052605736,1.3122997652862052,0.33800324001397214,True,vol1.25_band05,True,0.46649980836863036,0.5184178079879107,True,0.05191799961928034
heston,2,16,5.0,0.18,forecast_first,vol1_daily,daily,1.0,0.21676517833583792,True,0.27031872908850585,0.821578367396783,0.12207105490327506,0.16867682048627686,0.16122357659756648,0.007453243888710361,-0.08633217180582428,0.7010521606971871,0.1196414490184117,True,vol1_daily,True,0.3015078908746205,0.3015078908746205,True,0.0
heston,2,16,5.0,0.18,joint_mse,vol0.75_band05,band05,0.75,0.16257388375187842,True,0.19524759711441653,0.841121569479015,0.10466842392017994,0.20258779666237217,0.20006061784132356,0.00252717882104862,-0.05027105351043103,0.8930196223067187,0.10058846111496574,True,vol1_daily,True,0.3015078908746205,0.35050248207331214,True,0.04899459119869165
heston,2,16,5.0,0.18,joint_es90,vol1_band05,band05,1.0,0.21676517833583792,True,0.3509926673872227,0.7705946572249136,0.09342645041276151,0.22949150230734938,0.22682623613942032,0.0026652661679291015,-0.051626215897827545,0.7939504975122995,0.09212559755581108,True,vol1_daily,True,0.3015078908746205,0.3613642562155499,True,0.05985636534092942
heston,2,64,5.0,0.18,forecast_first,vol1_daily,daily,1.0,0.21676517833583792,True,0.2473963338235577,0.8051641921204391,0.1235044294265417,0.16867682048627686,0.16122357659756648,0.007453243888710361,-0.08633217180582428,0.7010521606971871,0.1196414490184117,True,vol1_daily,True,0.3015078908746205,0.3015078908746205,True,0.0
heston,2,64,5.0,0.18,joint_mse,vol0.75_band05,band05,0.75,0.16257388375187842,True,0.23234385636486332,1.0331399964174874,0.10658942226625762,0.20258779666237217,0.20006061784132356,0.00252717882104862,-0.05027105351043103,0.8930196223067187,0.10058846111496574,True,vol1_daily,True,0.3015078908746205,0.35050248207331214,True,0.04899459119869165
heston,2,64,5.0,0.18,joint_es90,vol1_band05,band05,1.0,0.21676517833583792,True,0.3009485458489411,0.7631322482838154,0.09563206377614838,0.22949150230734938,0.22682623613942032,0.0026652661679291015,-0.051626215897827545,0.7939504975122995,0.09212559755581108,True,vol1_daily,True,0.3015078908746205,0.3613642562155499,True,0.05985636534092942
heston,2,256,5.0,0.18,forecast_first,vol1_daily,daily,1.0,0.21676517833583792,True,0.23487474630307223,0.936445105053809,0.12177954640397345,0.16867682048627686,0.16122357659756648,0.007453243888710361,-0.08633217180582428,0.7010521606971871,0.1196414490184117,True,vol1_daily,True,0.3015078908746205,0.3015078908746205,True,0.0
heston,2,256,5.0,0.18,joint_mse,vol1_daily,daily,1.0,0.21676517833583792,True,0.23487474630307223,0.936445105053809,0.12177954640397345,0.16867682048627686,0.16122357659756648,0.007453243888710361,-0.08633217180582428,0.7010521606971871,0.1196414490184117,True,vol1_daily,True,0.3015078908746205,0.3015078908746205,True,0.0
heston,2,256,5.0,0.18,joint_es90,vol1_daily,daily,1.0,0.21676517833583792,True,0.23487474630307223,0.936445105053809,0.12177954640397345,0.16867682048627686,0.16122357659756648,0.007453243888710361,-0.08633217180582428,0.7010521606971871,0.1196414490184117,True,vol1_daily,True,0.3015078908746205,0.3015078908746205,True,0.0
heston,2,16,20.0,0.72,forecast_first,vol1_band05,band05,1.0,0.21676517833583792,True,0.3905806089478978,1.048249244749981,0.37370580165104605,0.33219527825713896,0.22460930462927642,0.10758597362786257,-0.3280030085652608,1.051659843951664,0.3685023902232443,True,vol1_band05,True,0.4921789610531449,0.4921789610531449,True,0.0
heston,2,16,20.0,0.72,joint_mse,vol0.75_band05,band05,0.75,0.16257388375187842,True,0.30990764286279393,1.202283270983907,0.41867369568071977,0.3468065236625891,0.2228768707887936,0.12392965287379552,-0.35203643685532826,1.25723418156662,0.40235384445986294,True,vol1_band05,True,0.4921789610531449,0.5490266224992922,True,0.056847661446147335
heston,2,16,20.0,0.72,joint_es90,vol1_band05,band05,1.0,0.21676517833583792,True,0.3905806089478978,1.048249244749981,0.37370580165104605,0.33219527825713896,0.22460930462927642,0.10758597362786257,-0.3280030085652608,1.051659843951664,0.3685023902232443,True,vol1_band05,True,0.4921789610531449,0.4921789610531449,True,0.0
heston,2,64,20.0,0.72,forecast_first,vol1_band05,band05,1.0,0.21676517833583792,True,0.35333520346151925,1.0935099226785427,0.38252825510459354,0.33219527825713896,0.22460930462927642,0.10758597362786257,-0.3280030085652608,1.051659843951664,0.3685023902232443,True,vol1_band05,True,0.4921789610531449,0.4921789610531449,True,0.0
heston,2,64,20.0,0.72,joint_mse,vol0.75_band10,band10,0.75,0.16257388375187842,True,0.33134566410637756,1.188946444735168,0.36367048846249156,0.3740599658033486,0.2819179538950751,0.09214201190827352,-0.3035490271904582,1.238410888762554,0.3471910350979561,True,vol1_band05,True,0.4921789610531449,0.5547112420098921,True,0.06253228095674718
heston,2,64,20.0,0.72,joint_es90,vol1.25_band05,band05,1.25,0.2709564729197974,True,0.48336394943652683,1.0812106583589491,0.3532850149561326,0.42277578010577677,0.32496213428549503,0.09781364582028178,-0.31275173192211386,1.229688876662755,0.3454032010734466,True,vol1_band05,True,0.4921789610531449,0.5665878855299464,True,0.07440892447680153
heston,2,256,20.0,0.72,forecast_first,vol1_band05,band05,1.0,0.21676517833583792,True,0.4231804142568333,1.331137990048868,0.3739323973472811,0.33219527825713896,0.22460930462927642,0.10758597362786257,-0.3280030085652608,1.051659843951664,0.3685023902232443,True,vol1_band05,True,0.4921789610531449,0.4921789610531449,True,0.0
heston,2,256,20.0,0.72,joint_mse,vol1_band05,band05,1.0,0.21676517833583792,True,0.4231804142568333,1.331137990048868,0.3739323973472811,0.33219527825713896,0.22460930462927642,0.10758597362786257,-0.3280030085652608,1.051659843951664,0.3685023902232443,True,vol1_band05,True,0.4921789610531449,0.4921789610531449,True,0.0
heston,2,256,20.0,0.72,joint_es90,vol1.25_daily,daily,1.25,0.2709564729197974,True,0.4712829853326366,1.2633311011361643,0.45510589857722394,0.39297876496135126,0.21144252838756988,0.18153623657378135,-0.42607069433813605,1.0919260137047813,0.4509935494243387,True,vol1_band05,True,0.4921789610531449,0.524860373299685,True,0.03268141224654014
heston_shift,0,16,5.0,0.18,forecast_first,vol1.25_daily,daily,1.25,0.19945243664400064,True,0.10285633690693095,0.6110558529278806,0.12498931469418509,2.6669126472336098,1.200188924104575,1.4667237231290344,-1.211083697821515,3.60154380713691,0.13251776475036448,True,vol1.25_band05,True,2.1083650694468115,2.2276957744293586,True,0.11933070498254716
heston_shift,0,16,5.0,0.18,joint_mse,vol1_band05,band05,1.0,0.1595619493152005,True,0.05907393823426339,0.3177674640873265,0.1041436385431388,2.6702462541463556,1.2384434451407231,1.4318028090056334,-1.196579629195497,3.674381457957127,0.11146070233654144,True,vol1.25_band05,True,2.1083650694468115,2.3983084573032913,True,0.2899433878564799
heston_shift,0,16,5.0,0.18,joint_es90,vol1_band05,band05,1.0,0.1595619493152005,True,0.05907393823426339,0.3177674640873265,0.1041436385431388,2.6702462541463556,1.2384434451407231,1.4318028090056334,-1.196579629195497,3.674381457957127,0.11146070233654144,True,vol1.25_band05,True,2.1083650694468115,2.3983084573032913,True,0.2899433878564799
heston_shift,0,64,5.0,0.18,forecast_first,vol1.25_daily,daily,1.25,0.19945243664400064,True,0.2944860906021536,1.0569152796966652,0.1223411329300558,2.6669126472336098,1.200188924104575,1.4667237231290344,-1.211083697821515,3.60154380713691,0.13251776475036448,True,vol1.25_band05,True,2.1083650694468115,2.2276957744293586,True,0.11933070498254716
heston_shift,0,64,5.0,0.18,joint_mse,vol1_band05,band05,1.0,0.1595619493152005,True,0.27374369428177386,1.0663909466402608,0.09981820275327505,2.6702462541463556,1.2384434451407231,1.4318028090056334,-1.196579629195497,3.674381457957127,0.11146070233654144,True,vol1.25_band05,True,2.1083650694468115,2.3983084573032913,True,0.2899433878564799
heston_shift,0,64,5.0,0.18,joint_es90,vol1.25_band05,band05,1.25,0.19945243664400064,True,0.29519825467227623,0.957425143391378,0.09256215569464239,2.3260130875253826,0.8896977011376946,1.4363153863876876,-1.1984637609822366,3.2668086420090603,0.10403349960770894,True,vol1.25_band05,True,2.1083650694468115,2.1083650694468115,True,0.0
heston_shift,0,256,5.0,0.18,forecast_first,vol1.25_daily,daily,1.25,0.19945243664400064,True,0.27166078577097874,1.1282517806840746,0.12412061805888222,2.6669126472336098,1.200188924104575,1.4667237231290344,-1.211083697821515,3.60154380713691,0.13251776475036448,True,vol1.25_band05,True,2.1083650694468115,2.2276957744293586,True,0.11933070498254716
heston_shift,0,256,5.0,0.18,joint_mse,vol1.25_daily,daily,1.25,0.19945243664400064,True,0.27166078577097874,1.1282517806840746,0.12412061805888222,2.6669126472336098,1.200188924104575,1.4667237231290344,-1.211083697821515,3.60154380713691,0.13251776475036448,True,vol1.25_band05,True,2.1083650694468115,2.2276957744293586,True,0.11933070498254716
heston_shift,0,256,5.0,0.18,joint_es90,vol1.25_band05,band05,1.25,0.19945243664400064,True,0.28547040250299116,1.0230760879270984,0.09602181792432604,2.3260130875253826,0.8896977011376946,1.4363153863876876,-1.1984637609822366,3.2668086420090603,0.10403349960770894,True,vol1.25_band05,True,2.1083650694468115,2.1083650694468115,True,0.0
heston_shift,0,16,20.0,0.72,forecast_first,vol1.25_band05,band05,1.25,0.19945243664400064,True,0.2174918259190281,0.7114345865256645,0.38388698723347114,3.2593364524520787,0.9775320694507529,2.2818043830013255,-1.5105642598053635,3.6617608963540778,0.41613399843083576,True,vol1.25_band10,True,2.9757398773921664,3.064649463387608,True,0.08890958599544163
heston_shift,0,16,20.0,0.72,joint_mse,vol1_band05,band05,1.0,0.1595619493152005,True,0.19619892240493964,0.6710005378822902,0.4165745541725552,3.736385863081579,1.392542025357379,2.3438438377241995,-1.5309617362051213,4.110804071170619,0.44584280934616577,True,vol1.25_band10,True,2.9757398773921664,3.5031397297898383,True,0.527399852397672
heston_shift,0,16,20.0,0.72,joint_es90,vol1_band05,band05,1.0,0.1595619493152005,True,0.19619892240493964,0.6710005378822902,0.4165745541725552,3.736385863081579,1.392542025357379,2.3438438377241995,-1.5309617362051213,4.110804071170619,0.44584280934616577,True,vol1.25_band10,True,2.9757398773921664,3.5031397297898383,True,0.527399852397672
heston_shift,0,64,20.0,0.72,forecast_first,vol1.25_band05,band05,1.25,0.19945243664400064,True,0.4044967983838976,1.2715070885824356,0.37024862277856957,3.2593364524520787,0.9775320694507529,2.2818043830013255,-1.5105642598053635,3.6617608963540778,0.41613399843083576,True,vol1.25_band10,True,2.9757398773921664,3.064649463387608,True,0.08890958599544163
heston_shift,0,64,20.0,0.72,joint_mse,vol1.25_band05,band05,1.25,0.19945243664400064,True,0.4044967983838976,1.2715070885824356,0.37024862277856957,3.2593364524520787,0.9775320694507529,2.2818043830013255,-1.5105642598053635,3.6617608963540778,0.41613399843083576,True,vol1.25_band10,True,2.9757398773921664,3.064649463387608,True,0.08890958599544163
heston_shift,0,64,20.0,0.72,joint_es90,vol1.25_band05,band05,1.25,0.19945243664400064,True,0.4044967983838976,1.2715070885824356,0.37024862277856957,3.2593364524520787,0.9775320694507529,2.2818043830013255,-1.5105642598053635,3.6617608963540778,0.41613399843083576,True,vol1.25_band10,True,2.9757398773921664,3.064649463387608,True,0.08890958599544163
heston_shift,0,256,20.0,0.72,forecast_first,vol1.25_band05,band05,1.25,0.19945243664400064,True,0.4540379380263636,1.3694042750615312,0.38408727169730417,3.2593364524520787,0.9775320694507529,2.2818043830013255,-1.5105642598053635,3.6617608963540778,0.41613399843083576,True,vol1.25_band10,True,2.9757398773921664,3.064649463387608,True,0.08890958599544163
heston_shift,0,256,20.0,0.72,joint_mse,vol1.25_band05,band05,1.25,0.19945243664400064,True,0.4540379380263636,1.3694042750615312,0.38408727169730417,3.2593364524520787,0.9775320694507529,2.2818043830013255,-1.5105642598053635,3.6617608963540778,0.41613399843083576,True,vol1.25_band10,True,2.9757398773921664,3.064649463387608,True,0.08890958599544163
heston_shift,0,256,20.0,0.72,joint_es90,vol1.25_band05,band05,1.25,0.19945243664400064,True,0.4540379380263636,1.3694042750615312,0.38408727169730417,3.2593364524520787,0.9775320694507529,2.2818043830013255,-1.5105642598053635,3.6617608963540778,0.41613399843083576,True,vol1.25_band10,True,2.9757398773921664,3.064649463387608,True,0.08890958599544163
heston_shift,1,16,5.0,0.18,forecast_first,vol1_daily,daily,1.0,0.20563556510359665,True,0.5545974342891606,1.7180384618200724,0.13315564701344385,2.4106789747162605,0.7673460072815437,1.6433329674347168,-1.2819254921541723,3.125609674513585,0.13656255713417798,True,vol1.25_band05,True,2.21637479377764,2.4894048819918346,True,0.2730300882141945
heston_shift,1,16,5.0,0.18,joint_mse,vol1.25_daily,daily,1.25,0.2570444563794958,True,0.4495414138740045,1.305483633423399,0.12400195901052652,2.22802749835467,0.621517061621996,1.606510436732674,-1.2674819275763556,2.9368131884611284,0.1291731522702258,True,vol1.25_band05,True,2.21637479377764,2.2360921824911433,True,0.019717388713503148
heston_shift,1,16,5.0,0.18,joint_es90,vol1.25_band10,band10,1.25,0.2570444563794958,True,0.5502031925179444,1.093213061680107,0.07988212198969034,2.3334182389865226,0.927355593618198,1.406062645368325,-1.1857751242829835,2.9391145576540083,0.08452141597925444,True,vol1.25_band05,True,2.21637479377764,2.389818822819181,True,0.17344402904154066
heston_shift,1,64,5.0,0.18,forecast_first,vol1_daily,daily,1.0,0.20563556510359665,True,0.24739442723974475,0.8976779406225389,0.12270382693009493,2.4106789747162605,0.7673460072815437,1.6433329674347168,-1.2819254921541723,3.125609674513585,0.13656255713417798,True,vol1.25_band05,True,2.21637479377764,2.4894048819918346,True,0.2730300882141945
heston_shift,1,64,5.0,0.18,joint_mse,vol1_daily,daily,1.0,0.20563556510359665,True,0.24739442723974475,0.8976779406225389,0.12270382693009493,2.4106789747162605,0.7673460072815437,1.6433329674347168,-1.2819254921541723,3.125609674513585,0.13656255713417798,True,vol1.25_band05,True,2.21637479377764,2.4894048819918346,True,0.2730300882141945
heston_shift,1,64,5.0,0.18,joint_es90,vol1.25_daily,daily,1.25,0.2570444563794958,True,0.27445626619204816,0.8571371885552492,0.11453620454599113,2.22802749835467,0.621517061621996,1.606510436732674,-1.2674819275763556,2.9368131884611284,0.1291731522702258,True,vol1.25_band05,True,2.21637479377764,2.2360921824911433,True,0.019717388713503148
heston_shift,1,256,5.0,0.18,forecast_first,vol1_daily,daily,1.0,0.20563556510359665,True,0.22519681295928784,0.9387142526819588,0.12081718433549568,2.4106789747162605,0.7673460072815437,1.6433329674347168,-1.2819254921541723,3.125609674513585,0.13656255713417798,True,vol1.25_band05,True,2.21637479377764,2.4894048819918346,True,0.2730300882141945
heston_shift,1,256,5.0,0.18,joint_mse,vol1_daily,daily,1.0,0.20563556510359665,True,0.22519681295928784,0.9387142526819588,0.12081718433549568,2.4106789747162605,0.7673460072815437,1.6433329674347168,-1.2819254921541723,3.125609674513585,0.13656255713417798,True,vol1.25_band05,True,2.21637479377764,2.4894048819918346,True,0.2730300882141945
heston_shift,1,256,5.0,0.18,joint_es90,vol1.25_daily,daily,1.25,0.2570444563794958,True,0.27058688120600793,0.9123533487620543,0.11336948027836512,2.22802749835467,0.621517061621996,1.606510436732674,-1.2674819275763556,2.9368131884611284,0.1291731522702258,True,vol1.25_band05,True,2.21637479377764,2.2360921824911433,True,0.019717388713503148
heston_shift,1,16,20.0,0.72,forecast_first,vol1_every5,every5,1.0,0.20563556510359665,True,0.5708148694964624,1.3781521316436784,0.3591751342029612,3.657166582029378,1.8328070830932504,1.8243594989361278,-1.3506885277280354,4.022527886106421,0.3607554807630642,True,vol1.25_band05,True,3.107448189822683,4.546340793313518,True,1.4388926034908347
heston_shift,1,16,20.0,0.72,joint_mse,vol1.25_every5,every5,1.25,0.2570444563794958,True,0.5206236741763511,1.4771711522462339,0.34590861196439077,3.461513561826357,1.6765023228327276,1.7850112389936295,-1.336043127669773,3.834630309588511,0.3507160468478004,True,vol1.25_band05,True,3.107448189822683,4.293541539831592,True,1.186093350008909
heston_shift,1,16,20.0,0.72,joint_es90,vol1.25_band10,band10,1.25,0.2570444563794958,True,0.5569594742231435,1.3378381647892443,0.3195284879587614,3.026173281985354,0.9544754535605411,2.071697828424813,-1.4393393722207466,3.2011151064209575,0.3380856639170178,True,vol1.25_band05,True,3.107448189822683,3.112220391460475,True,0.004772201637791795
heston_shift,1,64,20.0,0.72,forecast_first,vol1_band05,band05,1.0,0.20563556510359665,True,0.36433878459788926,1.2767199067204382,0.37318874520582956,3.301390745990889,0.8683903486621793,2.4330003973287098,-1.559807807817588,3.488141289877493,0.4251729078705738,True,vol1.25_band05,True,3.107448189822683,3.3432474066435725,True,0.23579921682088933
heston_shift,1,64,20.0,0.72,joint_mse,vol1_band05,band05,1.0,0.20563556510359665,True,0.36433878459788926,1.2767199067204382,0.37318874520582956,3.301390745990889,0.8683903486621793,2.4330003973287098,-1.559807807817588,3.488141289877493,0.4251729078705738,True,vol1.25_band05,True,3.107448189822683,3.3432474066435725,True,0.23579921682088933
heston_shift,1,64,20.0,0.72,joint_es90,vol1.25_band05,band05,1.25,0.2570444563794958,True,0.3906303868501879,1.1974511499626777,0.34583785710244896,3.1017171483428383,0.7740563081556324,2.3276608401872054,-1.525667342570852,3.270045359235957,0.39717443260090873,True,vol1.25_band05,True,3.107448189822683,3.107448189822683,True,0.0
heston_shift,1,256,20.0,0.72,forecast_first,vol1_band05,band05,1.0,0.20563556510359665,True,0.3788417631745137,1.2971712950227532,0.3675932452034771,3.301390745990889,0.8683903486621793,2.4330003973287098,-1.559807807817588,3.488141289877493,0.4251729078705738,True,vol1.25_band05,True,3.107448189822683,3.3432474066435725,True,0.23579921682088933
heston_shift,1,256,20.0,0.72,joint_mse,vol1_band05,band05,1.0,0.20563556510359665,True,0.3788417631745137,1.2971712950227532,0.3675932452034771,3.301390745990889,0.8683903486621793,2.4330003973287098,-1.559807807817588,3.488141289877493,0.4251729078705738,True,vol1.25_band05,True,3.107448189822683,3.3432474066435725,True,0.23579921682088933
heston_shift,1,256,20.0,0.72,joint_es90,vol1.25_daily,daily,1.25,0.2570444563794958,True,0.4379187101239008,1.2811089275373106,0.45347792111346047,3.4110275991081505,0.671998016785155,2.739029582322995,-1.6550013843870328,3.3970340299697264,0.5166926090809032,True,vol1.25_band05,True,3.107448189822683,3.4602866522274587,True,0.35283846240477557
heston_shift,2,16,5.0,0.18,forecast_first,vol1.25_daily,daily,1.25,0.21590462741467964,True,0.2384508536040345,0.7706790135451694,0.12520704287273884,2.4965432319936873,0.9015405808448955,1.5950026511487918,-1.2629341436309305,3.370789271476625,0.13572679571267188,True,vol1.25_band05,True,2.367112745408258,2.4199283753784204,True,0.052815629970162536
heston_shift,2,16,5.0,0.18,joint_mse,vol1_daily,daily,1.0,0.17272370193174372,True,0.18056407043849795,0.7850266501742129,0.13138721045564622,2.892325378373092,1.2753167742141616,1.6170086041589302,-1.2716165318833073,3.85334720867668,0.14295628602412264,True,vol1.25_band05,True,2.367112745408258,2.8251815981875907,True,0.45806885277933285
heston_shift,2,16,5.0,0.18,joint_es90,vol1_band05,band05,1.0,0.17272370193174372,True,0.21082040766455049,0.694118638178488,0.10310117097852935,2.8119667463856906,1.1563767477166957,1.6555899986689944,-1.2866973220882192,3.694858009473085,0.11434874484631524,True,vol1.25_band05,True,2.367112745408258,2.636368683918305,True,0.26925593851004725
heston_shift,2,64,5.0,0.18,forecast_first,vol1.25_daily,daily,1.25,0.21590462741467964,True,0.19141678843203522,0.8301253104603409,0.12239623556123523,2.4965432319936873,0.9015405808448955,1.5950026511487918,-1.2629341436309305,3.370789271476625,0.13572679571267188,True,vol1.25_band05,True,2.367112745408258,2.4199283753784204,True,0.052815629970162536
heston_shift,2,64,5.0,0.18,joint_mse,vol1_daily,daily,1.0,0.17272370193174372,True,0.16888368789475183,0.8845529426972278,0.12929819497278572,2.892325378373092,1.2753167742141616,1.6170086041589302,-1.2716165318833073,3.85334720867668,0.14295628602412264,True,vol1.25_band05,True,2.367112745408258,2.8251815981875907,True,0.45806885277933285
heston_shift,2,64,5.0,0.18,joint_es90,vol1.25_daily,daily,1.25,0.21590462741467964,True,0.19141678843203522,0.8301253104603409,0.12239623556123523,2.4965432319936873,0.9015405808448955,1.5950026511487918,-1.2629341436309305,3.370789271476625,0.13572679571267188,True,vol1.25_band05,True,2.367112745408258,2.4199283753784204,True,0.052815629970162536
heston_shift,2,256,5.0,0.18,forecast_first,vol1.25_daily,daily,1.25,0.21590462741467964,True,0.22358519090223056,0.9822331533192525,0.11968064116734772,2.4965432319936873,0.9015405808448955,1.5950026511487918,-1.2629341436309305,3.370789271476625,0.13572679571267188,True,vol1.25_band05,True,2.367112745408258,2.4199283753784204,True,0.052815629970162536
heston_shift,2,256,5.0,0.18,joint_mse,vol1.25_daily,daily,1.25,0.21590462741467964,True,0.22358519090223056,0.9822331533192525,0.11968064116734772,2.4965432319936873,0.9015405808448955,1.5950026511487918,-1.2629341436309305,3.370789271476625,0.13572679571267188,True,vol1.25_band05,True,2.367112745408258,2.4199283753784204,True,0.052815629970162536
heston_shift,2,256,5.0,0.18,joint_es90,vol1.25_daily,daily,1.25,0.21590462741467964,True,0.22358519090223056,0.9822331533192525,0.11968064116734772,2.4965432319936873,0.9015405808448955,1.5950026511487918,-1.2629341436309305,3.370789271476625,0.13572679571267188,True,vol1.25_band05,True,2.367112745408258,2.4199283753784204,True,0.052815629970162536
heston_shift,2,16,20.0,0.72,forecast_first,vol1.25_daily,daily,1.25,0.21590462741467964,True,0.4232067665899126,1.155521916245348,0.5008281714909554,3.808299787504632,1.0190172416190553,2.789282545885577,-1.670114530768946,3.9173568828904144,0.5429071828506875,True,vol1.25_band10,True,3.3247355813672206,3.7383833795436816,True,0.413647798176461
heston_shift,2,16,20.0,0.72,joint_mse,vol0.75_band05,band05,0.75,0.1295427764488078,True,0.33275366586021027,1.3065183562241978,0.4441495685204114,4.695149345676626,1.893098214150467,2.802051131526159,-1.6739328336364512,4.758635702774242,0.49486310320653004,True,vol1.25_band10,True,3.3247355813672206,4.53924542021462,True,1.2145098388473992
heston_shift,2,16,20.0,0.72,joint_es90,vol1.25_band05,band05,1.25,0.21590462741467964,True,0.4442080878855324,1.1088883162272587,0.3904138025330345,3.5337640785681854,0.9773104303972265,2.5564536481709585,-1.5988913809796332,3.6671774447232193,0.42818385882679355,True,vol1.25_band10,True,3.3247355813672206,3.345026571541682,True,0.020290990174461232
heston_shift,2,64,20.0,0.72,forecast_first,vol1.25_daily,daily,1.25,0.21590462741467964,True,0.3629334174096531,1.2226032352727438,0.4895849422449409,3.808299787504632,1.0190172416190553,2.789282545885577,-1.670114530768946,3.9173568828904144,0.5429071828506875,True,vol1.25_band10,True,3.3247355813672206,3.7383833795436816,True,0.413647798176461
heston_shift,2,64,20.0,0.72,joint_mse,vol1.25_daily,daily,1.25,0.21590462741467964,True,0.3629334174096531,1.2226032352727438,0.4895849422449409,3.808299787504632,1.0190172416190553,2.789282545885577,-1.670114530768946,3.9173568828904144,0.5429071828506875,True,vol1.25_band10,True,3.3247355813672206,3.7383833795436816,True,0.413647798176461
heston_shift,2,64,20.0,0.72,joint_es90,vol1.25_daily,daily,1.25,0.21590462741467964,True,0.3629334174096531,1.2226032352727438,0.4895849422449409,3.808299787504632,1.0190172416190553,2.789282545885577,-1.670114530768946,3.9173568828904144,0.5429071828506875,True,vol1.25_band10,True,3.3247355813672206,3.7383833795436816,True,0.413647798176461
heston_shift,2,256,20.0,0.72,forecast_first,vol1.25_band05,band05,1.25,0.21590462741467964,True,0.40772829710089237,1.2843930836231454,0.36808353388353704,3.5337640785681854,0.9773104303972265,2.5564536481709585,-1.5988913809796332,3.6671774447232193,0.42818385882679355,True,vol1.25_band10,True,3.3247355813672206,3.345026571541682,True,0.020290990174461232
heston_shift,2,256,20.0,0.72,joint_mse,vol1_band05,band05,1.0,0.17272370193174372,True,0.3802197349958255,1.3813534440841633,0.3939886282864556,3.9450940800474994,1.2890300196797377,2.656064060367761,-1.629743556627165,4.171814565404066,0.45739497938526097,True,vol1.25_band10,True,3.3247355813672206,3.759113471248142,True,0.4343778898809214
heston_shift,2,256,20.0,0.72,joint_es90,vol1.25_band05,band05,1.25,0.21590462741467964,True,0.40772829710089237,1.2843930836231454,0.36808353388353704,3.5337640785681854,0.9773104303972265,2.5564536481709585,-1.5988913809796332,3.6671774447232193,0.42818385882679355,True,vol1.25_band10,True,3.3247355813672206,3.345026571541682,True,0.020290990174461232
jump_shift,0,16,5.0,0.18,forecast_first,vol1.25_daily,daily,1.25,0.1725925170065314,True,0.16826492366375637,0.8697446672212097,0.12862754476203275,4.3315582750368895,3.84309569175364,0.48846258328325043,-0.6989009824597834,5.559663820092399,0.12677739304210928,True,vol1.25_band10,True,6.522342162162376,7.604361261288198,True,1.082019099125822
jump_shift,0,16,5.0,0.18,joint_mse,vol1.25_daily,daily,1.25,0.1725925170065314,True,0.16826492366375637,0.8697446672212097,0.12862754476203275,4.3315582750368895,3.84309569175364,0.48846258328325043,-0.6989009824597834,5.559663820092399,0.12677739304210928,True,vol1.25_band10,True,6.522342162162376,7.604361261288198,True,1.082019099125822
jump_shift,0,16,5.0,0.18,joint_es90,vol1_band05,band05,1.0,0.13807401360522512,True,0.18905204384960317,0.7719102659826803,0.10670808154707688,4.000040622124201,3.5347076964466373,0.46533292567756335,-0.6821531541212452,5.216563027671955,0.10707973837419965,True,vol1.25_band10,True,6.522342162162376,7.665822080912217,True,1.1434799187498408
jump_shift,0,64,5.0,0.18,forecast_first,vol1.25_daily,daily,1.25,0.1725925170065314,True,0.18117821920195498,0.7866688999736301,0.12531104509114346,4.3315582750368895,3.84309569175364,0.48846258328325043,-0.6989009824597834,5.559663820092399,0.12677739304210928,True,vol1.25_band10,True,6.522342162162376,7.604361261288198,True,1.082019099125822
jump_shift,0,64,5.0,0.18,joint_mse,vol1.25_daily,daily,1.25,0.1725925170065314,True,0.18117821920195498,0.7866688999736301,0.12531104509114346,4.3315582750368895,3.84309569175364,0.48846258328325043,-0.6989009824597834,5.559663820092399,0.12677739304210928,True,vol1.25_band10,True,6.522342162162376,7.604361261288198,True,1.082019099125822
jump_shift,0,64,5.0,0.18,joint_es90,vol1.25_daily,daily,1.25,0.1725925170065314,True,0.18117821920195498,0.7866688999736301,0.12531104509114346,4.3315582750368895,3.84309569175364,0.48846258328325043,-0.6989009824597834,5.559663820092399,0.12677739304210928,True,vol1.25_band10,True,6.522342162162376,7.604361261288198,True,1.082019099125822
jump_shift,0,256,5.0,0.18,forecast_first,vol1.25_daily,daily,1.25,0.1725925170065314,True,0.32285746274376526,1.25198530462335,0.12838608270352475,4.3315582750368895,3.84309569175364,0.48846258328325043,-0.6989009824597834,5.559663820092399,0.12677739304210928,True,vol1.25_band10,True,6.522342162162376,7.604361261288198,True,1.082019099125822
jump_shift,0,256,5.0,0.18,joint_mse,vol1.25_daily,daily,1.25,0.1725925170065314,True,0.32285746274376526,1.25198530462335,0.12838608270352475,4.3315582750368895,3.84309569175364,0.48846258328325043,-0.6989009824597834,5.559663820092399,0.12677739304210928,True,vol1.25_band10,True,6.522342162162376,7.604361261288198,True,1.082019099125822
jump_shift,0,256,5.0,0.18,joint_es90,vol1.25_band05,band05,1.25,0.1725925170065314,True,0.3382820770606864,1.176419810197528,0.09958440254447219,3.917720573779098,3.4649921645641717,0.45272840921492663,-0.6728509561670598,5.121497595896754,0.09989905597539084,True,vol1.25_band10,True,6.522342162162376,7.015136483573652,True,0.4927943214112762
jump_shift,0,16,20.0,0.72,forecast_first,vol1.25_band05,band05,1.25,0.1725925170065314,True,0.3020131525766226,1.1998221571722643,0.3990051402401452,4.444520934555809,3.498671080878544,0.945849853677265,-0.9725481240932322,5.430253225322337,0.39959622390156335,True,vol1.25_band10,True,7.073871360502473,7.691052548236961,True,0.6171811877344879
jump_shift,0,16,20.0,0.72,joint_mse,vol1_band05,band05,1.0,0.13807401360522512,True,0.2866222501956839,1.0888521853672877,0.4268323261883075,4.589264473573429,3.5824682269166557,1.006796246656775,-1.0033923692438442,5.566853405920932,0.4283189534967986,True,vol1.25_band10,True,7.073871360502473,8.43445904220346,True,1.3605876817009879
jump_shift,0,16,20.0,0.72,joint_es90,vol1_band05,band05,1.0,0.13807401360522512,True,0.2866222501956839,1.0888521853672877,0.4268323261883075,4.589264473573429,3.5824682269166557,1.006796246656775,-1.0033923692438442,5.566853405920932,0.4283189534967986,True,vol1.25_band10,True,7.073871360502473,8.43445904220346,True,1.3605876817009879
jump_shift,0,64,20.0,0.72,forecast_first,vol1.25_daily,daily,1.25,0.1725925170065314,True,0.341396814052508,1.2619720616043206,0.5012441803645739,5.0333477482593185,3.8686035311921656,1.164744217067153,-1.079233161586111,5.950751525701939,0.5071095721684371,True,vol1.25_band10,True,7.073871360502473,8.525215350797053,True,1.4513439902945802
jump_shift,0,64,20.0,0.72,joint_mse,vol1.25_daily,daily,1.25,0.1725925170065314,True,0.341396814052508,1.2619720616043206,0.5012441803645739,5.0333477482593185,3.8686035311921656,1.164744217067153,-1.079233161586111,5.950751525701939,0.5071095721684371,True,vol1.25_band10,True,7.073871360502473,8.525215350797053,True,1.4513439902945802
jump_shift,0,64,20.0,0.72,joint_es90,vol1.25_band05,band05,1.25,0.1725925170065314,True,0.3583201338358494,1.2027200468808423,0.3923827099036457,4.444520934555809,3.498671080878544,0.945849853677265,-0.9725481240932322,5.430253225322337,0.39959622390156335,True,vol1.25_band10,True,7.073871360502473,7.691052548236961,True,0.6171811877344879
jump_shift,0,256,20.0,0.72,forecast_first,vol1.25_band05,band05,1.25,0.1725925170065314,True,0.5142838422379266,1.5464931206637051,0.39833761017788877,4.444520934555809,3.498671080878544,0.945849853677265,-0.9725481240932322,5.430253225322337,0.39959622390156335,True,vol1.25_band10,True,7.073871360502473,7.691052548236961,True,0.6171811877344879
jump_shift,0,256,20.0,0.72,joint_mse,vol1.25_band05,band05,1.25,0.1725925170065314,True,0.5142838422379266,1.5464931206637051,0.39833761017788877,4.444520934555809,3.498671080878544,0.945849853677265,-0.9725481240932322,5.430253225322337,0.39959622390156335,True,vol1.25_band10,True,7.073871360502473,7.691052548236961,True,0.6171811877344879
jump_shift,0,256,20.0,0.72,joint_es90,vol1.25_band05,band05,1.25,0.1725925170065314,True,0.5142838422379266,1.5464931206637051,0.39833761017788877,4.444520934555809,3.498671080878544,0.945849853677265,-0.9725481240932322,5.430253225322337,0.39959622390156335,True,vol1.25_band10,True,7.073871360502473,7.691052548236961,True,0.6171811877344879
jump_shift,1,16,5.0,0.18,forecast_first,vol0.75_daily,daily,0.75,0.19039365318290358,True,0.09781107149584806,0.5503761759712865,0.11024894454025451,10.274260842971445,9.030151820938755,1.244109022032691,-1.1153963519900407,8.385942615054649,0.12404696914094193,True,vol1.25_every5,True,4.476211573557498,6.261790844956765,True,1.7855792713992678
jump_shift,1,16,5.0,0.18,joint_mse,vol0.75_daily,daily,0.75,0.19039365318290358,True,0.09781107149584806,0.5503761759712865,0.11024894454025451,10.274260842971445,9.030151820938755,1.244109022032691,-1.1153963519900407,8.385942615054649,0.12404696914094193,True,vol1.25_every5,True,4.476211573557498,6.261790844956765,True,1.7855792713992678
jump_shift,1,16,5.0,0.18,joint_es90,vol0.75_daily,daily,0.75,0.19039365318290358,True,0.09781107149584806,0.5503761759712865,0.11024894454025451,10.274260842971445,9.030151820938755,1.244109022032691,-1.1153963519900407,8.385942615054649,0.12404696914094193,True,vol1.25_every5,True,4.476211573557498,6.261790844956765,True,1.7855792713992678
jump_shift,1,64,5.0,0.18,forecast_first,vol0.75_daily,daily,0.75,0.19039365318290358,True,0.19934862768917969,1.0581870722248408,0.12268297986824458,10.274260842971445,9.030151820938755,1.244109022032691,-1.1153963519900407,8.385942615054649,0.12404696914094193,True,vol1.25_every5,True,4.476211573557498,6.261790844956765,True,1.7855792713992678
jump_shift,1,64,5.0,0.18,joint_mse,vol0.75_daily,daily,0.75,0.19039365318290358,True,0.19934862768917969,1.0581870722248408,0.12268297986824458,10.274260842971445,9.030151820938755,1.244109022032691,-1.1153963519900407,8.385942615054649,0.12404696914094193,True,vol1.25_every5,True,4.476211573557498,6.261790844956765,True,1.7855792713992678
jump_shift,1,64,5.0,0.18,joint_es90,vol0.75_band05,band05,0.75,0.19039365318290358,True,0.2047323525905303,0.8276206969972747,0.09254944369281493,9.184061797337698,8.037288076925716,1.1467737204119828,-1.0708752123436152,8.081378645913059,0.09732423506439561,True,vol1.25_every5,True,4.476211573557498,5.732695224361134,True,1.256483650803636
jump_shift,1,256,5.0,0.18,forecast_first,vol0.75_daily,daily,0.75,0.19039365318290358,True,0.20998119594479064,1.012273427634113,0.12616094829657276,10.274260842971445,9.030151820938755,1.244109022032691,-1.1153963519900407,8.385942615054649,0.12404696914094193,True,vol1.25_every5,True,4.476211573557498,6.261790844956765,True,1.7855792713992678
jump_shift,1,256,5.0,0.18,joint_mse,vol0.75_daily,daily,0.75,0.19039365318290358,True,0.20998119594479064,1.012273427634113,0.12616094829657276,10.274260842971445,9.030151820938755,1.244109022032691,-1.1153963519900407,8.385942615054649,0.12404696914094193,True,vol1.25_every5,True,4.476211573557498,6.261790844956765,True,1.7855792713992678
jump_shift,1,256,5.0,0.18,joint_es90,vol1_daily,daily,1.0,0.25385820424387145,True,0.23914861775564997,0.884535562318766,0.1163307369626006,9.028455089074175,7.837067697969552,1.191387391104623,-1.0915069358939609,7.982507051078572,0.11523769703836584,True,vol1.25_every5,True,4.476211573557498,5.61263535845956,True,1.1364237849020622
jump_shift,1,16,20.0,0.72,forecast_first,vol0.75_daily,daily,0.75,0.19039365318290358,True,0.15357597275618834,0.8705170677174271,0.44099577816101804,11.101484612394376,8.888717514252836,2.2127670981415415,-1.4875372594128664,8.633326543027682,0.4961878765637677,True,vol1.25_every5,True,4.888405665940573,7.058135756850585,True,2.1697300909100123
jump_shift,1,16,20.0,0.72,joint_mse,vol0.75_daily,daily,0.75,0.19039365318290358,True,0.15357597275618834,0.8705170677174271,0.44099577816101804,11.101484612394376,8.888717514252836,2.2127670981415415,-1.4875372594128664,8.633326543027682,0.4961878765637677,True,vol1.25_every5,True,4.888405665940573,7.058135756850585,True,2.1697300909100123
jump_shift,1,16,20.0,0.72,joint_es90,vol0.75_daily,daily,0.75,0.19039365318290358,True,0.15357597275618834,0.8705170677174271,0.44099577816101804,11.101484612394376,8.888717514252836,2.2127670981415415,-1.4875372594128664,8.633326543027682,0.4961878765637677,True,vol1.25_every5,True,4.888405665940573,7.058135756850585,True,2.1697300909100123
jump_shift,1,64,20.0,0.72,forecast_first,vol0.75_band05,band05,0.75,0.19039365318290358,True,0.3103614067176646,1.1626479709410602,0.3701977747712597,9.791758688560744,7.934404242226348,1.8573544463343978,-1.362847917536802,8.283565093679387,0.38929694025758244,True,vol1.25_every5,True,4.888405665940573,6.308824223587395,True,1.4204185576468227
jump_shift,1,64,20.0,0.72,joint_mse,vol0.75_band05,band05,0.75,0.19039365318290358,True,0.3103614067176646,1.1626479709410602,0.3701977747712597,9.791758688560744,7.934404242226348,1.8573544463343978,-1.362847917536802,8.283565093679387,0.38929694025758244,True,vol1.25_every5,True,4.888405665940573,6.308824223587395,True,1.4204185576468227
jump_shift,1,64,20.0,0.72,joint_es90,vol1_band05,band05,1.0,0.25385820424387145,True,0.3485545891366876,1.1035626428738554,0.3406498032397193,8.739196698143413,6.99067067159189,1.7485260265515215,-1.3223184285759317,7.900261127851701,0.3586842115265457,True,vol1.25_every5,True,4.888405665940573,5.698875611491596,True,0.8104699455510236
jump_shift,1,256,20.0,0.72,forecast_first,vol0.75_band05,band05,0.75,0.19039365318290358,True,0.37448625894676313,1.3068744389719207,0.3886789711798174,9.791758688560744,7.934404242226348,1.8573544463343978,-1.362847917536802,8.283565093679387,0.38929694025758244,True,vol1.25_every5,True,4.888405665940573,6.308824223587395,True,1.4204185576468227
jump_shift,1,256,20.0,0.72,joint_mse,vol0.75_band05,band05,0.75,0.19039365318290358,True,0.37448625894676313,1.3068744389719207,0.3886789711798174,9.791758688560744,7.934404242226348,1.8573544463343978,-1.362847917536802,8.283565093679387,0.38929694025758244,True,vol1.25_every5,True,4.888405665940573,6.308824223587395,True,1.4204185576468227
jump_shift,1,256,20.0,0.72,joint_es90,vol1_band05,band05,1.0,0.25385820424387145,True,0.423872593268188,1.2341408180107187,0.3551723926579327,8.739196698143413,6.99067067159189,1.7485260265515215,-1.3223184285759317,7.900261127851701,0.3586842115265457,True,vol1.25_every5,True,4.888405665940573,5.698875611491596,True,0.8104699455510236
jump_shift,2,16,5.0,0.18,forecast_first,vol0.75_daily,daily,0.75,0.19201247670915317,True,0.14208293072908004,0.6586607188128216,0.10761636716532921,6.75097479810236,5.78368029009195,0.9672945080104088,-0.9835113156493975,7.5292453902832515,0.12179372914728444,True,vol1.25_band10,True,5.683230355427301,6.845315350349061,True,1.1620849949217602
jump_shift,2,16,5.0,0.18,joint_mse,vol0.75_daily,daily,0.75,0.19201247670915317,True,0.14208293072908004,0.6586607188128216,0.10761636716532921,6.75097479810236,5.78368029009195,0.9672945080104088,-0.9835113156493975,7.5292453902832515,0.12179372914728444,True,vol1.25_band10,True,5.683230355427301,6.845315350349061,True,1.1620849949217602
jump_shift,2,16,5.0,0.18,joint_es90,vol0.75_daily,daily,0.75,0.19201247670915317,True,0.14208293072908004,0.6586607188128216,0.10761636716532921,6.75097479810236,5.78368029009195,0.9672945080104088,-0.9835113156493975,7.5292453902832515,0.12179372914728444,True,vol1.25_band10,True,5.683230355427301,6.845315350349061,True,1.1620849949217602
jump_shift,2,64,5.0,0.18,forecast_first,vol0.75_daily,daily,0.75,0.19201247670915317,True,0.2964588320214373,1.2958545628576692,0.11960483031245557,6.75097479810236,5.78368029009195,0.9672945080104088,-0.9835113156493975,7.5292453902832515,0.12179372914728444,True,vol1.25_band10,True,5.683230355427301,6.845315350349061,True,1.1620849949217602
jump_shift,2,64,5.0,0.18,joint_mse,vol0.75_daily,daily,0.75,0.19201247670915317,True,0.2964588320214373,1.2958545628576692,0.11960483031245557,6.75097479810236,5.78368029009195,0.9672945080104088,-0.9835113156493975,7.5292453902832515,0.12179372914728444,True,vol1.25_band10,True,5.683230355427301,6.845315350349061,True,1.1620849949217602
jump_shift,2,64,5.0,0.18,joint_es90,vol1_daily,daily,1.0,0.2560166356122042,True,0.29726560255322354,1.148280302428509,0.110613469655046,6.262381822675548,5.238694990419118,1.0236868322564292,-1.0117741013963686,7.086902868507262,0.11327903443786697,True,vol1.25_band10,True,5.683230355427301,6.391905635282374,True,0.7086752798550728
jump_shift,2,256,5.0,0.18,forecast_first,vol0.75_daily,daily,0.75,0.19201247670915317,True,0.3202645233031165,1.2412768422720628,0.1201837762932493,6.75097479810236,5.78368029009195,0.9672945080104088,-0.9835113156493975,7.5292453902832515,0.12179372914728444,True,vol1.25_band10,True,5.683230355427301,6.845315350349061,True,1.1620849949217602
jump_shift,2,256,5.0,0.18,joint_mse,vol0.75_daily,daily,0.75,0.19201247670915317,True,0.3202645233031165,1.2412768422720628,0.1201837762932493,6.75097479810236,5.78368029009195,0.9672945080104088,-0.9835113156493975,7.5292453902832515,0.12179372914728444,True,vol1.25_band10,True,5.683230355427301,6.845315350349061,True,1.1620849949217602
jump_shift,2,256,5.0,0.18,joint_es90,vol1_daily,daily,1.0,0.2560166356122042,True,0.3294348196283793,1.041535397425794,0.1108836958256271,6.262381822675548,5.238694990419118,1.0236868322564292,-1.0117741013963686,7.086902868507262,0.11327903443786697,True,vol1.25_band10,True,5.683230355427301,6.391905635282374,True,0.7086752798550728
jump_shift,2,16,20.0,0.72,forecast_first,vol0.75_daily,daily,0.75,0.19201247670915317,True,0.17745780477561812,1.0297880769526813,0.43046546866131685,7.520732474267183,5.701221489371401,1.8195109848957802,-1.3488925030912509,7.835045015315971,0.48717491658913775,True,vol1.25_band10,True,6.057881438952599,7.574172263794699,True,1.5162908248421
jump_shift,2,16,20.0,0.72,joint_mse,vol0.75_daily,daily,0.75,0.19201247670915317,True,0.17745780477561812,1.0297880769526813,0.43046546866131685,7.520732474267183,5.701221489371401,1.8195109848957802,-1.3488925030912509,7.835045015315971,0.48717491658913775,True,vol1.25_band10,True,6.057881438952599,7.574172263794699,True,1.5162908248421
jump_shift,2,16,20.0,0.72,joint_es90,vol0.75_daily,daily,0.75,0.19201247670915317,True,0.17745780477561812,1.0297880769526813,0.43046546866131685,7.520732474267183,5.701221489371401,1.8195109848957802,-1.3488925030912509,7.835045015315971,0.48717491658913775,True,vol1.25_band10,True,6.057881438952599,7.574172263794699,True,1.5162908248421
jump_shift,2,64,20.0,0.72,forecast_first,vol0.75_band05,band05,0.75,0.19201247670915317,True,0.42014961543058205,1.5207618953484843,0.36776831868999715,6.979596188931627,5.336845377309448,1.642750811622178,-1.281698408995727,7.528993907597675,0.38168492517460395,True,vol1.25_band10,True,6.057881438952599,6.887004253072787,True,0.8291228141201881
jump_shift,2,64,20.0,0.72,joint_mse,vol0.75_band05,band05,0.75,0.19201247670915317,True,0.42014961543058205,1.5207618953484843,0.36776831868999715,6.979596188931627,5.336845377309448,1.642750811622178,-1.281698408995727,7.528993907597675,0.38168492517460395,True,vol1.25_band10,True,6.057881438952599,6.887004253072787,True,0.8291228141201881
jump_shift,2,64,20.0,0.72,joint_es90,vol1.25_daily,daily,1.25,0.3200207945152553,True,0.4893911466286579,1.4697294647102057,0.4150631829215381,6.719009048087456,4.886706087475316,1.8323029606121397,-1.3536258569531463,7.062420582762355,0.42779235811215166,True,vol1.25_band10,True,6.057881438952599,6.653185908310274,True,0.595304469357675
jump_shift,2,256,20.0,0.72,forecast_first,vol0.75_band05,band05,0.75,0.19201247670915317,True,0.49647588824939703,1.5802283845921687,0.37060718270145804,6.979596188931627,5.336845377309448,1.642750811622178,-1.281698408995727,7.528993907597675,0.38168492517460395,True,vol1.25_band10,True,6.057881438952599,6.887004253072787,True,0.8291228141201881
jump_shift,2,256,20.0,0.72,joint_mse,vol1_daily,daily,1.0,0.2560166356122042,True,0.4852241985579894,1.4171219947991216,0.4435347833025084,6.959441569288702,5.132588720591168,1.826852848697534,-1.351611204709969,7.368692798853048,0.45311613775146786,True,vol1.25_band10,True,6.057881438952599,7.0186666992094855,True,0.9607852602568867
jump_shift,2,256,20.0,0.72,joint_es90,vol1.25_daily,daily,1.25,0.3200207945152553,True,0.5322305619049779,1.396618499915472,0.41551898633935275,6.719009048087456,4.886706087475316,1.8323029606121397,-1.3536258569531463,7.062420582762355,0.42779235811215166,True,vol1.25_band10,True,6.057881438952599,6.653185908310274,True,0.595304469357675
