method,size,price,absolute_error,elapsed_seconds,standard_error,independent_units
CRR,16,10.326651045820403,0.12393252636516117,0.00011339999946358148,0.0,0
CRR,32,10.388345601105662,0.062237971079902366,0.00013589999980467837,0.0,0
CRR,64,10.419400102763987,0.03118346942157757,0.00022589999935007654,0.0,0
CRR,128,10.434976156747252,0.015607415438312344,0.00038210000093386043,0.0,0
CRR,256,10.442775999823992,0.007807572361572923,0.0006639000002905959,0.0,0
CRR,512,10.44667882681904,0.003904745366524409,0.0014635999996244209,0.0,0
CRR,1024,10.448630960582838,0.0019526116027268614,0.0030595000007451745,0.0,0
MC plain,2000,10.538689209249133,0.08810563706356866,0.0002432000001135748,0.3327570378282104,2000
MC antithetic,2000,10.26106441163599,0.1895191605495743,0.0001747999995131977,0.23042293937909497,1000
MC plain,10000,10.326211683488406,0.12437188869715854,0.00023399999918183312,0.14765038302037264,10000
MC antithetic,10000,10.244186301229247,0.20639727095631777,0.00019780000002356246,0.10295762771671253,5000
MC plain,50000,10.4704680562858,0.0198844841002348,0.0007630999989487464,0.06617109154592751,50000
MC antithetic,50000,10.389738994477202,0.06084457770836238,0.0004956999982823618,0.04614633540804908,25000
MC plain,200000,10.49175120627957,0.04116763409400548,0.006067599999369122,0.03301003460751798,200000
MC antithetic,200000,10.44583774645075,0.004745825734815412,0.0022587999992538244,0.02317255681157603,100000
