repetition,workers,mode,elapsed_seconds,price,standard_error,ci_low,ci_high,n_paths,independent_units
1,1,serial,0.025422500000786385,10.45147979769478,0.007353530675755923,10.43706712496648,10.46589247042308,2000000,1000000
1,2,process_pool,0.6788343999996869,10.45147979769478,0.007353530675755923,10.43706712496648,10.46589247042308,2000000,1000000
1,4,process_pool,0.7155500999997457,10.45147979769478,0.007353530675755923,10.43706712496648,10.46589247042308,2000000,1000000
2,2,process_pool,0.6570231999994576,10.45147979769478,0.007353530675755923,10.43706712496648,10.46589247042308,2000000,1000000
2,4,process_pool,0.7014416999991226,10.45147979769478,0.007353530675755923,10.43706712496648,10.46589247042308,2000000,1000000
2,1,serial,0.026429900000948692,10.45147979769478,0.007353530675755923,10.43706712496648,10.46589247042308,2000000,1000000
3,4,process_pool,0.7026175999999396,10.45147979769478,0.007353530675755923,10.43706712496648,10.46589247042308,2000000,1000000
3,1,serial,0.024885799999537994,10.45147979769478,0.007353530675755923,10.43706712496648,10.46589247042308,2000000,1000000
3,2,process_pool,0.6495734000000084,10.45147979769478,0.007353530675755923,10.43706712496648,10.46589247042308,2000000,1000000
