scenario,fee_bps,selected_policy,baseline,metric,primary,difference,standard_error,ci_low,ci_high,n
S1,0.0,daily,every5,squared terminal replication loss,False,-0.7028205345319603,0.016571707817951427,-0.7353052852001899,-0.6703357838637306,8192
S1,5.0,daily,every5,squared terminal replication loss,True,-0.6705039285088255,0.017437638481257626,-0.7046861229168612,-0.6363217341007897,8192
S1,20.0,every21,every5,squared terminal replication loss,False,2.6432918917600223,0.07730597310575775,2.4917525761328747,2.79483120738717,8192
S2,0.0,daily,every5,squared terminal replication loss,False,-0.6712469513956933,0.02776391817652543,-0.7256712732245253,-0.6168226295668614,8192
S2,5.0,daily,every5,squared terminal replication loss,False,-0.5647978946557981,0.030487669554401874,-0.6245614600535225,-0.5050343292580737,8192
S2,20.0,every21,every5,squared terminal replication loss,False,2.518812027587459,0.11637606698681457,2.290685417985963,2.746938637188955,8192
S3,0.0,daily,every5,squared terminal replication loss,False,-0.7071268874843709,0.01648139227022234,-0.739434596770887,-0.6748191781978549,8192
S3,5.0,daily,every5,squared terminal replication loss,False,-0.7260397840315882,0.016701202082537933,-0.7587783763040913,-0.6933011917590851,8192
S3,20.0,every5,every5,squared terminal replication loss,False,0.0,0.0,0.0,0.0,8192
S4,0.0,daily,every5,squared terminal replication loss,False,-0.7400715451646961,0.020963134490474704,-0.7811646059782568,-0.6989784843511354,8192
S4,5.0,daily,every5,squared terminal replication loss,False,-0.6996896382199489,0.022421689331741424,-0.7436418364787862,-0.6557374399611116,8192
S4,20.0,every21,every5,squared terminal replication loss,False,2.540046946046931,0.0822558158655,2.3788046831035756,2.701289208990286,8192
S5,0.0,daily,every5,squared terminal replication loss,False,-0.7124978317155091,0.018998224194077894,-0.7497391699567744,-0.6752564934742438,8192
S5,5.0,daily,every5,squared terminal replication loss,False,-0.6786782786719969,0.020195215645783627,-0.718266023770529,-0.6390905335734649,8192
S5,20.0,every21,every5,squared terminal replication loss,False,2.5047074924457613,0.08007319123366875,2.3477437273944926,2.66167125749703,8192
S6,0.0,band05,every5,squared terminal replication loss,False,-2.7834869731172645,0.31073015531368825,-3.3925968929488857,-2.1743770532856432,8192
S6,5.0,band05,every5,squared terminal replication loss,False,-2.107100611434768,0.323990693448424,-2.7422045494910416,-1.4719966733784946,8192
S6,20.0,every21,every5,squared terminal replication loss,False,7.132115134325316,0.8200155499308569,5.524676662913256,8.739553605737376,8192
S7,0.0,band10,every5,squared terminal replication loss,False,-1.2883236707561596,0.228724038556525,-1.7366808012319104,-0.8399665402804088,8192
S7,5.0,band10,every5,squared terminal replication loss,False,-1.3114881968360566,0.2315569368452224,-1.7653985265105707,-0.8575778671615424,8192
S7,20.0,every21,every5,squared terminal replication loss,False,2.623316629110391,0.5428979713872794,1.559098901369667,3.6875343568511147,8192
