scenario,fee_bps,selected_policy,validation_feasible,validation_rmse,validation_mean_cost,test_mean_cost,test_budget_met,test_rmse,test_es95
S1,0.0,daily,True,0.4227228752312196,0.0,0.0,True,0.42930389948076636,0.9711994240900248
S1,5.0,daily,True,0.4967997405479058,0.23139169236787296,0.23549590158355774,True,0.4977355205874734,1.2817652859719044
S1,20.0,every21,True,1.8773545478641216,0.3653239811594101,0.36989469811755615,True,1.976332673417346,5.016527613559531
S2,0.0,daily,True,0.7402570520302116,0.0,0.0,True,0.7558475935794322,1.869765912275361
S2,5.0,daily,True,0.847538282608525,0.26280784866941975,0.26116576256308943,True,0.868151013560531,2.2775174773048805
S2,20.0,every21,True,1.9426349489585173,0.3921474296637719,0.3899650717404096,True,2.0881545171879106,5.993339067911958
S3,0.0,daily,True,0.9613520928488174,0.0,0.0,True,0.9568017991699104,1.7540551253637549
S3,5.0,daily,True,0.9495439759900139,0.1994705107720519,0.2004794237089041,True,0.9469409071251206,1.8867327825279092
S3,20.0,every5,True,1.363851761952013,0.4934865458893725,0.49592966392687815,True,1.3493157654843728,2.7592115394634895
S4,0.0,daily,True,0.5595679074537204,0.0,0.0,True,0.5699148532086888,1.3447642415442662
S4,5.0,daily,True,0.6343251895855044,0.23726316966438601,0.2388208988981968,True,0.6361143759320074,1.6814163243323599
S4,20.0,every21,True,1.9690830918717173,0.36445941794099934,0.3697652067729884,True,2.0046829170235356,5.13978508693152
S5,0.0,daily,True,0.44935695445722984,0.0,0.0,True,0.4539448756603965,1.0526173692791667
S5,5.0,daily,True,0.5184104625877818,0.2317035411141277,0.23638064812668494,True,0.5248761608347207,1.3697076474547827
S5,20.0,every21,True,1.9563133039807976,0.3676591130762685,0.36840400441150856,True,1.953683629647467,4.978171666822795
S6,0.0,band05,True,4.08623078648038,0.0,0.0,True,4.048070388743411,9.014722486987857
S6,5.0,band05,True,4.3219027306117805,0.2284009849341369,0.2294959875460097,True,4.283693863826095,9.420078491929745
S6,20.0,every21,True,5.599561759177502,0.39551428776773734,0.39855235675769646,True,5.638253708860069,16.150879304607095
S7,0.0,band10,True,3.759443351941722,0.0,0.0,True,4.121504062383507,14.590937382359005
S7,5.0,band10,True,3.8076081758229816,0.13287387320190863,0.13355982593606874,True,4.170808506054944,14.705571075041295
S7,20.0,every21,True,4.553756570547725,0.37602127933874174,0.37878550013248713,True,4.782936869109907,16.06922858371244
