scenario,name,split,fee_bps,policy,n,mean_pnl,std_pnl,rmse,mean_loss,var95,es95,mean_cost,mean_trades
S1,Matched GBM,validation,0.0,daily,1024,-0.012110020234088352,0.4227558519467211,0.4227228752312196,0.012110020234088352,0.7236502603315039,1.0484005014061637,0.0,126.3603515625
S1,Matched GBM,test,0.0,daily,8192,0.002198299014117585,0.4293244758111008,0.42930389948076636,-0.002198299014117585,0.7043575709573932,0.9711994240900248,0.0,126.3853759765625
S1,Matched GBM,validation,0.0,every5,1024,-0.010459095910128901,0.9208696539903274,0.9204793242813422,0.010459095910128901,1.5176591993321116,2.131108634377905,0.0,26.75390625
S1,Matched GBM,test,0.0,every5,8192,-0.0029103939391316607,0.9419247346472981,0.9418717389545948,0.0029103939391316607,1.5300901634197874,2.1362609064547846,0.0,26.7650146484375
S1,Matched GBM,validation,0.0,every21,1024,-0.011549851525969941,1.816955081102319,1.816104406379138,0.011549851525969941,2.9857842639252143,4.430042334021687,0.0,7.0
S1,Matched GBM,test,0.0,every21,8192,-0.01937286741642417,1.9118742186343287,1.911855678855095,0.01937286741642417,3.2970072513159043,4.583891217928193,0.0,7.0
S1,Matched GBM,validation,0.0,band02,1024,-0.012955908573407325,0.4401973636230005,0.44017308227582436,0.012955908573407325,0.759006837965856,1.0888593607286252,0.0,63.919921875
S1,Matched GBM,test,0.0,band02,8192,0.0016564015935305691,0.44391533544504075,0.44389133065765946,-0.0016564015935305691,0.7159466913915215,0.9908623669126545,0.0,64.8323974609375
S1,Matched GBM,validation,0.0,band05,1024,-0.008771423508892323,0.5298780727664772,0.5296919101346164,0.008771423508892323,0.9174257074381348,1.2172605177506424,0.0,30.7607421875
S1,Matched GBM,test,0.0,band05,8192,0.0015405042672003923,0.5449160237117445,0.5448849413310919,-0.0015405042672003923,0.8863568408132334,1.1758775879968808,0.0,31.05419921875
S1,Matched GBM,validation,0.0,band10,1024,0.00044548667373309724,0.7966505415468126,0.7962615816288701,-0.00044548667373309724,1.3287098144876432,1.70596909982213,0.0,13.4326171875
S1,Matched GBM,test,0.0,band10,8192,-0.017737423707917817,0.8089773064215364,0.8091223704031325,0.017737423707917817,1.355410597374267,1.8032529215859046,0.0,13.717529296875
S1,Matched GBM,validation,5.0,daily,1024,-0.24350171260196474,0.43324381027788894,0.4967997405479058,0.24350171260196474,1.004886326743484,1.360945083745413,0.23139169236787296,126.3603515625
S1,Matched GBM,test,5.0,daily,8192,-0.2332976025694399,0.4397004409073176,0.4977355205874734,0.2332976025694399,0.9877218203513756,1.2817652859719044,0.23549590158355774,126.3853759765625
S1,Matched GBM,validation,5.0,every5,1024,-0.1474410295037378,0.92727533046841,0.9384768023915719,0.1474410295037378,1.6953589368374826,2.309961951678162,0.13698193359360564,26.75390625
S1,Matched GBM,test,5.0,every5,8192,-0.1421364481182172,0.9477085230740376,0.958250790223159,0.1421364481182172,1.6935040908935692,2.311931374181106,0.13922605417908296,26.7650146484375
S1,Matched GBM,validation,5.0,every21,1024,-0.10288084681583129,1.8222083724615736,1.8242218069217924,0.10288084681583129,3.0981299083102476,4.537638418627818,0.09133099528985253,7.0
S1,Matched GBM,test,5.0,every21,8192,-0.11184654194582265,1.9178612292631931,1.921002953055137,0.11184654194582265,3.3866006301220795,4.691027480598081,0.09247367452938904,7.0
S1,Matched GBM,validation,5.0,band02,1024,-0.22519192050231873,0.4518845983828943,0.5046896844152622,0.22519192050231873,1.0178915316071988,1.377437654697577,0.21223601192891323,63.919921875
S1,Matched GBM,test,5.0,band02,8192,-0.2146959530837706,0.45460317445104376,0.5027257412812776,0.2146959530837706,0.9898937386865616,1.2809536101828025,0.21635235467730138,64.8323974609375
S1,Matched GBM,validation,5.0,band05,1024,-0.18120275552051152,0.5412744080597123,0.5705491320783137,0.18120275552051152,1.1229728223948057,1.4488012247162254,0.17243133201161584,30.7607421875
S1,Matched GBM,test,5.0,band05,8192,-0.1739403287515291,0.5541529904634078,0.5807781751910805,0.1739403287515291,1.0999684395294964,1.4043576920687908,0.17548083301872985,31.05419921875
S1,Matched GBM,validation,5.0,band10,1024,-0.13209839266089896,0.8055339715445103,0.8159051954230071,0.13209839266089896,1.4736010215020274,1.8677261158167282,0.1325438793346274,13.4326171875
S1,Matched GBM,test,5.0,band10,8192,-0.15354811438826232,0.8156484030170352,0.8299265808226965,0.15354811438826232,1.506776668895006,1.9659613538469658,0.1358106906803405,13.717529296875
S1,Matched GBM,validation,20.0,daily,1024,-0.9376767897055811,0.5205864125085888,1.0723727506935745,0.9376767897055811,1.8465892788260792,2.3292808756972874,0.9255667694714919,126.3603515625
S1,Matched GBM,test,20.0,daily,8192,-0.9397853073201141,0.5269633166929983,1.0774288205021312,0.9397853073201141,1.9090632686193911,2.2579669843519197,0.941983606334231,126.3853759765625
S1,Matched GBM,validation,20.0,every5,1024,-0.5583868302845603,0.9559431881786351,1.1066755720221453,0.5583868302845603,2.2429336298421076,2.8518464427945966,0.5479277343744225,26.75390625
S1,Matched GBM,test,20.0,every5,8192,-0.5598146106554711,0.9743317864255964,1.1236542814660264,0.5598146106554711,2.182821475173089,2.852945611373584,0.5569042167163318,26.7650146484375
S1,Matched GBM,validation,20.0,every21,1024,-0.3768738326854079,1.8400360301112562,1.8773545478641216,0.3768738326854079,3.3792001730836807,4.863952851744873,0.3653239811594101,7.0
S1,Matched GBM,test,20.0,every21,8192,-0.3892675655340105,1.9377357793272323,1.976332673417346,0.3892675655340105,3.6851524329321252,5.016527613559531,0.36989469811755615,7.0
S1,Matched GBM,validation,20.0,band02,1024,-0.8618999562890604,0.5398719740370291,1.0168818281334855,0.8618999562890604,1.8357633016094794,2.283017949198941,0.8489440477156529,63.919921875
S1,Matched GBM,test,20.0,band02,8192,-0.863753017115678,0.5407045639712179,1.0190166884919833,0.863753017115678,1.8481038030321844,2.1981871441698577,0.8654094187092055,64.8323974609375
S1,Matched GBM,validation,20.0,band05,1024,-0.6984967515553635,0.6109125927747288,0.9277647551808837,0.6984967515553635,1.7542343093134192,2.1866545421415293,0.6897253280464634,30.7607421875
S1,Matched GBM,test,20.0,band05,8192,-0.7003828278077256,0.6177963487435918,0.9338960558587047,0.7003828278077256,1.7832821430824324,2.1498499066053074,0.7019233320749194,31.05419921875
S1,Matched GBM,validation,20.0,band10,1024,-0.529730030664792,0.8478476775851752,0.9993786029508727,0.529730030664792,1.9888010673172032,2.4112505346534405,0.5301755173385096,13.4326171875
S1,Matched GBM,test,20.0,band10,8192,-0.5609801864292938,0.8515558912203407,1.0196850918122753,0.5609801864292938,2.006282230803003,2.486775907927393,0.543242762721362,13.717529296875
S2,Underestimated volatility,validation,0.0,daily,1024,0.010161942680303106,0.7405489837774791,0.7402570520302116,-0.010161942680303106,1.3484996703760934,1.7592002212538085,0.0,125.7119140625
S2,Underestimated volatility,test,0.0,daily,8192,-0.0002042984268354048,0.7558937034678166,0.7558475935794322,0.0002042984268354048,1.4037848358990563,1.869765912275361,0.0,125.736328125
S2,Underestimated volatility,validation,0.0,every5,1024,0.058072138723958694,1.1071070874043396,1.1080891287220322,-0.058072138723958694,1.925250398669998,2.925052171634346,0.0,26.6611328125
S2,Underestimated volatility,test,0.0,every5,8192,-0.002637062878813376,1.1147633284513845,1.1146984058997804,0.002637062878813376,2.1101140574647124,2.953225266452238,0.0,26.61962890625
S2,Underestimated volatility,validation,0.0,every21,1024,0.12267942564427464,1.8900427595286422,1.8930988715786154,-0.12267942564427464,3.397932156302594,4.920742301841415,0.0,7.0
S2,Underestimated volatility,test,0.0,every21,8192,-0.03462041372918892,2.0127583479566487,2.0129332352400118,0.03462041372918892,3.744127035491952,5.5235356259927055,0.0,6.9996337890625
S2,Underestimated volatility,validation,0.0,band02,1024,0.00901462327577157,0.7463641316621206,0.7460540711822504,-0.00901462327577157,1.3740626298460155,1.77369768411345,0.0,66.2587890625
S2,Underestimated volatility,test,0.0,band02,8192,-0.00048272512727801043,0.7574591112325713,0.7574130320150002,0.00048272512727801043,1.394391286906871,1.8670542386405222,0.0,65.9364013671875
S2,Underestimated volatility,validation,0.0,band05,1024,0.01056505394892067,0.7738318354695611,0.7735260493252575,-0.01056505394892067,1.455068537001393,1.8374985004328759,0.0,35.7099609375
S2,Underestimated volatility,test,0.0,band05,8192,-0.001407832601069682,0.7874394517785867,0.7873926474023973,0.001407832601069682,1.4291550675083453,1.9313487333608006,0.0,35.53173828125
S2,Underestimated volatility,validation,0.0,band10,1024,0.00283207545079988,0.892627266932891,0.8921958022192157,-0.00283207545079988,1.5145307938826478,2.069224411530221,0.0,16.556640625
S2,Underestimated volatility,test,0.0,band10,8192,0.0017557977821093817,0.9017349252053909,0.9016815954821965,-0.0017557977821093817,1.6410208043092354,2.136669234156591,0.0,16.52294921875
S2,Underestimated volatility,validation,5.0,daily,1024,-0.2526459059891151,0.8094016079827164,0.847538282608525,0.2526459059891151,1.7568200557160902,2.1539503583851713,0.26280784866941975,125.7119140625
S2,Underestimated volatility,test,5.0,daily,8192,-0.2613700609899264,0.8279224283332152,0.868151013560531,0.2613700609899264,1.8009091892289426,2.2775174773048805,0.26116576256308943,125.736328125
S2,Underestimated volatility,validation,5.0,every5,1024,-0.09224632197128144,1.1296226539280183,1.1328329904288095,0.09224632197128144,2.1053777871822064,3.1331645016910237,0.15031846069522528,26.6611328125
S2,Underestimated volatility,test,5.0,every5,8192,-0.15265867268142072,1.1381289597027526,1.148252618983286,0.15265867268142072,2.300312660556476,3.1639474798170872,0.15002160980259657,26.61962890625
S2,Underestimated volatility,validation,5.0,every21,1024,0.024642568228316737,1.8981894445693508,1.8974223959559324,-0.024642568228316737,3.476603209156267,5.046083793356362,0.09803685741594298,7.0
S2,Underestimated volatility,test,5.0,every21,8192,-0.13211168166430692,2.0202190427688786,2.0244110930009183,0.13211168166430692,3.8622388416950404,5.64020440889575,0.0974912679351024,6.9996337890625
S2,Underestimated volatility,validation,5.0,band02,1024,-0.2374180477242543,0.8155538240600282,0.8490264013696093,0.2374180477242543,1.7533659970325677,2.1507674721090346,0.24643267100002664,66.2587890625
S2,Underestimated volatility,test,5.0,band02,8192,-0.24526264233487222,0.8292237916332765,0.8646860258569229,0.24526264233487222,1.769455685439668,2.259263593752152,0.24477991720759137,65.9364013671875
S2,Underestimated volatility,validation,5.0,band05,1024,-0.19678643511110702,0.8336831249124553,0.856197241272733,0.19678643511110702,1.7459927406018003,2.1674889310633167,0.2073514890600214,35.7099609375
S2,Underestimated volatility,test,5.0,band05,8192,-0.20737122353389914,0.8495114859525669,0.8744052233727667,0.20737122353389914,1.7381867668047373,2.2759489221981846,0.20596339093282334,35.53173828125
S2,Underestimated volatility,validation,5.0,band10,1024,-0.1579053308235528,0.9317510600741976,0.9445879095747662,0.1579053308235528,1.7902409481889732,2.3282854027213125,0.16073740627434396,16.556640625
S2,Underestimated volatility,test,5.0,band10,8192,-0.1579039291843033,0.9419734186680814,0.9550598188812016,0.1579039291843033,1.8704264016912913,2.3961554218128622,0.15965972696640413,16.52294921875
S2,Underestimated volatility,validation,20.0,daily,1024,-1.041069451997379,1.0312310564449825,1.4649998575027898,1.041069451997379,2.902309271624142,3.36724603570411,1.051231394677679,125.7119140625
S2,Underestimated volatility,test,20.0,daily,8192,-1.0448673486791988,1.0590540507891397,1.4876848944980714,1.0448673486791988,2.966465916084025,3.516666003048271,1.0446630502523577,125.736328125
S2,Underestimated volatility,validation,20.0,every5,1024,-0.5432017040569594,1.2044029691566107,1.3206960342989253,0.5432017040569594,2.66484060767021,3.7666621445480573,0.6012738427809011,26.6611328125
S2,Underestimated volatility,test,20.0,every5,8192,-0.6027235020892154,1.2159285007221448,1.3570472578598047,0.6027235020892154,2.8827555656297017,3.8066120886487713,0.6000864392103863,26.61962890625
S2,Underestimated volatility,validation,20.0,every21,1024,-0.2694680040195152,1.9247949353593337,1.9426349489585173,0.2694680040195152,3.759259507106743,5.4268570290550215,0.3921474296637719,7.0
S2,Underestimated volatility,test,20.0,every21,8192,-0.42458548546961916,2.044658109219906,2.0881545171879106,0.42458548546961916,4.210243188914927,5.993339067911958,0.3899650717404096,6.9996337890625
S2,Underestimated volatility,validation,20.0,band02,1024,-0.9767160607243394,1.0380402268756022,1.4249384207492224,0.9767160607243394,2.8695831346132428,3.3200561893828717,0.9857306840001065,66.2587890625
S2,Underestimated volatility,test,20.0,band02,8192,-0.9796023939576495,1.059437676496837,1.442876303745412,0.9796023939576495,2.8934244333112766,3.4523481765442,0.9791196688303655,65.9364013671875
S2,Underestimated volatility,validation,20.0,band05,1024,-0.8188409022911758,1.0273593092527344,1.3133685103329946,0.8188409022911758,2.728726775412661,3.1744557663833795,0.8294059562400856,35.7099609375
S2,Underestimated volatility,test,20.0,band05,8192,-0.8252613963323723,1.0499588318291306,1.3354157962395365,0.8252613963323723,2.7240735846326714,3.330183589381284,0.8238535637312934,35.53173828125
S2,Underestimated volatility,validation,20.0,band10,1024,-0.6401175496465901,1.0617847979482304,1.239369384281447,0.6401175496465901,2.5124801082182935,3.1310594193705374,0.6429496250973759,16.556640625
S2,Underestimated volatility,test,20.0,band10,8192,-0.6368831100835205,1.075800577029006,1.2501302731116066,0.6368831100835205,2.5910600330559226,3.2005903216330056,0.6386389078656165,16.52294921875
S3,Overestimated volatility,validation,0.0,daily,1024,0.006633163873976692,0.9617989518381154,0.9613520928488174,-0.006633163873976692,1.5037392966761562,1.7382459909397476,0.0,126.8134765625
S3,Overestimated volatility,test,0.0,daily,8192,-0.0004111204967973802,0.9568601147333824,0.9568017991699104,0.0004111204967973802,1.5150099171813451,1.7540551253637549,0.0,126.831787109375
S3,Overestimated volatility,validation,0.0,every5,1024,0.00014211785942385216,1.2933604261157585,1.2927287560262455,-0.00014211785942385216,1.951556889338322,2.3554695874549214,0.0,26.884765625
S3,Overestimated volatility,test,0.0,every5,8192,-0.0037137063645804203,1.2738841674706403,1.2738118269113174,0.0037137063645804203,1.9256095138212181,2.298209249368548,0.0,26.8914794921875
S3,Overestimated volatility,validation,0.0,every21,1024,0.029907369008720177,2.059374091886578,2.058585552837017,-0.029907369008720177,3.196554118040154,4.118543812874971,0.0,7.0
S3,Overestimated volatility,test,0.0,every21,8192,-0.015080241413882731,2.0703834632213423,2.070312016477297,0.015080241413882731,3.301912035999958,4.211011831107797,0.0,7.0
S3,Overestimated volatility,validation,0.0,band02,1024,-0.0012481370272443247,0.9758449953151843,0.9753691907077792,0.0012481370272443247,1.5510944471554484,1.8294853757261,0.0,59.0576171875
S3,Overestimated volatility,test,0.0,band02,8192,-0.0015503460962436586,0.9721581785719624,0.9721000772141096,0.0015503460962436586,1.5375671866792235,1.8196656313667205,0.0,59.0989990234375
S3,Overestimated volatility,validation,0.0,band05,1024,-0.018292059069786287,1.0669304101004813,1.0665661905281196,0.018292059069786287,1.7077378254088436,2.1476927548290923,0.0,24.18359375
S3,Overestimated volatility,test,0.0,band05,8192,-0.00015700313719629183,1.070547534616063,1.0704822030993388,0.00015700313719629183,1.7315231898589547,2.1113252313580144,0.0,24.306640625
S3,Overestimated volatility,validation,0.0,band10,1024,0.001637309216100816,1.335321862061589,1.3346706944591946,-0.001637309216100816,2.203075669229395,2.8802662515831177,0.0,10.24609375
S3,Overestimated volatility,test,0.0,band10,8192,0.003934848409004128,1.3343065462601718,1.3342309064098163,-0.003934848409004128,2.2083262639938686,2.8050807653460312,0.0,10.32958984375
S3,Overestimated volatility,validation,5.0,daily,1024,-0.19283734689807214,0.9302110148878757,0.9495439759900139,0.19283734689807214,1.627546602307082,1.8736162827909753,0.1994705107720519,126.8134765625
S3,Overestimated volatility,test,5.0,daily,8192,-0.20089054420570193,0.9254429303299884,0.9469409071251206,0.20089054420570193,1.652164262408325,1.8867327825279092,0.2004794237089041,126.831787109375
S3,Overestimated volatility,validation,5.0,every5,1024,-0.12322951861291813,1.2868080815630303,1.2920694592652298,0.12322951861291813,2.055013278016473,2.4660628075779467,0.12337163647234313,26.884765625
S3,Overestimated volatility,test,5.0,every5,8192,-0.12769612234630112,1.2675277856433964,1.2738668947808223,0.12769612234630112,2.0388359149692334,2.4095683486712374,0.12398241598171954,26.8914794921875
S3,Overestimated volatility,validation,5.0,every21,1024,-0.05482265112729694,2.0639170239677758,2.063637344445732,0.05482265112729694,3.26619938040484,4.214796978025645,0.08473002013600976,7.0
S3,Overestimated volatility,test,5.0,every21,8192,-0.09981373902246557,2.0753910798498705,2.0776633821897823,0.09981373902246557,3.387967799831514,4.307711749305423,0.08473349760857335,7.0
S3,Overestimated volatility,validation,5.0,band02,1024,-0.17803231496465993,0.9455843609428473,0.9617443086468012,0.17803231496465993,1.6491210615117453,1.951068261737389,0.17678417793741713,59.0576171875
S3,Overestimated volatility,test,5.0,band02,8192,-0.17900023275659582,0.9419151224954297,0.958716266697819,0.17900023275659582,1.6530788841008104,1.9367270661181812,0.17744988666035322,59.0989990234375
S3,Overestimated volatility,validation,5.0,band05,1024,-0.15671105380134873,1.0465246780502235,1.0576874355525399,0.15671105380134873,1.8315757863428808,2.250913929233562,0.13841899473156266,24.18359375
S3,Overestimated volatility,test,5.0,band05,8192,-0.13903831280350556,1.0504961506661439,1.0595938397588907,0.13903831280350556,1.8340924932050315,2.213966934582199,0.13888130966630774,24.306640625
S3,Overestimated volatility,validation,5.0,band10,1024,-0.10674861042897826,1.32639523159655,1.3300381521158355,0.10674861042897826,2.290085223375204,2.9794030729659147,0.10838591964506888,10.24609375
S3,Overestimated volatility,test,5.0,band10,8192,-0.10504574425615532,1.326559894082924,1.3306317846729072,0.10504574425615532,2.3080348280795535,2.9019536962092163,0.10898059266515135,10.32958984375
S3,Overestimated volatility,validation,20.0,daily,1024,-0.7912488792142331,0.845115047986688,1.1574095011123828,0.7912488792142331,2.105191645297515,2.308619015784977,0.7978820430882076,126.8134765625
S3,Overestimated volatility,test,20.0,daily,8192,-0.8023288153324153,0.8409640056675415,1.1622674632453143,0.8023288153324153,2.0867391859817706,2.3131036436331787,0.8019176948356164,126.831787109375
S3,Overestimated volatility,validation,20.0,every5,1024,-0.49334442802995415,1.2721176276807853,1.363851761952013,0.49334442802995415,2.3969061557949605,2.815185534856056,0.4934865458893725,26.884765625
S3,Overestimated volatility,test,20.0,every5,8192,-0.49964337029146566,1.2534757016178546,1.3493157654843728,0.49964337029146566,2.387284210358588,2.7592115394634895,0.49592966392687815,26.8914794921875
S3,Overestimated volatility,validation,20.0,every21,1024,-0.30901271153534815,2.0790002271785437,2.100835515003455,0.30901271153534815,3.5955294784258602,4.510117169351518,0.33892008054403905,7.0
S3,Overestimated volatility,test,20.0,every21,8192,-0.3540142318482061,2.0918467595460655,2.121465244520829,0.3540142318482061,3.6877876426082086,4.603230117151069,0.3389339904342934,7.0
S3,Overestimated volatility,validation,20.0,band02,1024,-0.7083848487769175,0.8642945731336359,1.1171771148515564,0.7083848487769175,2.0622892049898014,2.329008064617637,0.7071367117496685,59.0576171875
S3,Overestimated volatility,test,20.0,band02,8192,-0.7113498927376598,0.8608066365673291,1.1166540569090844,0.7113498927376598,2.02239689412585,2.3088046329342347,0.7097995466414129,59.0989990234375
S3,Overestimated volatility,validation,20.0,band05,1024,-0.5719680379960448,0.9931143629672312,1.1456266469185785,0.5719680379960448,2.1650459660102195,2.5775491761740854,0.5536759789262506,24.18359375
S3,Overestimated volatility,test,20.0,band05,8192,-0.5556822418024374,0.9981712179874285,1.1423689903145635,0.5556822418024374,2.152175913513005,2.538335836551769,0.555525238665231,24.306640625
S3,Overestimated volatility,validation,20.0,band10,1024,-0.4319063693642001,1.304379496959631,1.373421805132736,0.4319063693642001,2.5660312469732767,3.2873162358975705,0.43354367858027554,10.24609375
S3,Overestimated volatility,test,20.0,band10,8192,-0.43198752225162484,1.308210542407331,1.377613563269645,0.43198752225162484,2.6058424013886126,3.2011819899570364,0.4359223706606054,10.32958984375
S4,Finite calibration 20 observations,validation,0.0,daily,1024,-0.011049967326388629,0.5597321666668501,0.5595679074537204,0.011049967326388629,0.9255227277037661,1.2636591313079992,0.0,126.265625
S4,Finite calibration 20 observations,test,0.0,daily,8192,0.004462158543288125,0.5699321716266785,0.5699148532086888,-0.004462158543288125,0.9353771524251491,1.3447642415442662,0.0,126.2747802734375
S4,Finite calibration 20 observations,validation,0.0,every5,1024,0.0023964555472226748,0.9675607681890261,0.9670911802265431,-0.0023964555472226748,1.608945873164727,2.1497718433855133,0.0,26.740234375
S4,Finite calibration 20 observations,test,0.0,every5,8192,-0.0018298081289861877,1.031988925278267,1.031927558054623,0.0018298081289861877,1.7504501121381197,2.4910009977863945,0.0,26.744384765625
S4,Finite calibration 20 observations,validation,0.0,every21,1024,0.07299175541068201,1.9242992803871797,1.9247439768718593,-0.07299175541068201,3.1753648446926435,4.457197696483396,0.0,6.9990234375
S4,Finite calibration 20 observations,test,0.0,every21,8192,0.0018613068226169607,1.9441407420076522,1.9440229685075117,-0.0018613068226169607,3.3106378384572963,4.698717378335548,0.0,7.0
S4,Finite calibration 20 observations,validation,0.0,band02,1024,-0.013047187780058636,0.5709841585740265,0.5708544093760268,0.013047187780058636,0.9383015530325148,1.2981807973088624,0.0,64.7919921875
S4,Finite calibration 20 observations,test,0.0,band02,8192,0.0033203199776054926,0.5812310222329006,0.5812050298972578,-0.0033203199776054926,0.9658138836106274,1.3622167558601324,0.0,64.938720703125
S4,Finite calibration 20 observations,validation,0.0,band05,1024,-0.017562745193870452,0.6576609377782734,0.6575743139201511,0.017562745193870452,1.1037269623448334,1.4682995967483004,0.0,31.3916015625
S4,Finite calibration 20 observations,test,0.0,band05,8192,0.008979041315876492,0.6509625670968492,0.6509847612448484,-0.008979041315876492,1.0714339370152342,1.4901749490358633,0.0,31.6470947265625
S4,Finite calibration 20 observations,validation,0.0,band10,1024,-0.03144452355369601,0.8683159630509145,0.868461322323541,0.03144452355369601,1.534311517707272,1.9782467928596439,0.0,14.24609375
S4,Finite calibration 20 observations,test,0.0,band10,8192,0.0015472479634044876,0.8878945127256744,0.8878416664924418,-0.0015472479634044876,1.5086869241735066,1.9842327394680728,0.0,14.1337890625
S4,Finite calibration 20 observations,validation,5.0,daily,1024,-0.24831313699077504,0.5839880829672468,0.6343251895855044,0.24831313699077504,1.2198704778263267,1.6042100545839606,0.23726316966438601,126.265625
S4,Finite calibration 20 observations,test,5.0,daily,8192,-0.23435874035490947,0.5914052548130942,0.6361143759320074,0.23435874035490947,1.2202056853044387,1.6814163243323599,0.2388208988981968,126.2747802734375
S4,Finite calibration 20 observations,validation,5.0,every5,1024,-0.13648795795541274,0.976169346224441,0.9851928655501138,0.13648795795541274,1.7785766217744523,2.3376921176600742,0.1388844135026349,26.740234375
S4,Finite calibration 20 observations,test,5.0,every5,8192,-0.14213883665710206,1.0412780822448693,1.05087160846952,0.14213883665710206,1.9170098906052104,2.6767488032444486,0.14030902852811533,26.744384765625
S4,Finite calibration 20 observations,validation,5.0,every21,1024,-0.018123099074564816,1.929835418829884,1.928978022995996,0.018123099074564816,3.2773472690997343,4.562194503634032,0.09111485448524984,6.9990234375
S4,Finite calibration 20 observations,test,5.0,every21,8192,-0.09057999487063007,1.950313485716469,1.9522968796831446,0.09057999487063007,3.4130872074656957,4.8079636028874075,0.0924413016932471,7.0
S4,Finite calibration 20 observations,validation,5.0,band02,1024,-0.23113244961259546,0.5942152230485241,0.6373139920185937,0.23113244961259546,1.2249420066822359,1.6111155270330602,0.21808526183254015,64.7919921875
S4,Finite calibration 20 observations,test,5.0,band02,8192,-0.21656479494347597,0.6027302230713342,0.6404214909378692,0.21656479494347597,1.2300845586315432,1.677057002828907,0.2198851149210821,64.938720703125
S4,Finite calibration 20 observations,validation,5.0,band05,1024,-0.19523230677870618,0.6777806717976116,0.7050203351023623,0.19523230677870618,1.3301573164475275,1.7209838159632167,0.17766956158483543,31.3916015625
S4,Finite calibration 20 observations,test,5.0,band05,8192,-0.17032951331321255,0.6693518058026501,0.6906441135998149,0.17032951331321255,1.3020512968452078,1.7466714113811224,0.17930855462908973,31.6470947265625
S4,Finite calibration 20 observations,validation,5.0,band10,1024,-0.16986948855405573,0.8828587425235758,0.8986289729066972,0.16986948855405573,1.6754597837066671,2.1726119982807623,0.13842496500035995,14.24609375
S4,Finite calibration 20 observations,test,5.0,band10,8192,-0.13727261821872405,0.899765974735698,0.9101229342602352,0.13727261821872405,1.6760326829709282,2.1653042970753655,0.13881986618212938,14.1337890625
S4,Finite calibration 20 observations,validation,20.0,daily,1024,-0.9601026459839315,0.6998391815394337,1.1878946397142567,0.9601026459839315,2.2242502986823265,2.712135070936088,0.9490526786575441,126.265625
S4,Finite calibration 20 observations,test,20.0,daily,8192,-0.950821437049499,0.6987056994676191,1.1799116348937868,0.950821437049499,2.1666055758265452,2.7677315424099938,0.9552835955927872,126.2747802734375
S4,Finite calibration 20 observations,validation,20.0,every5,1024,-0.5531411984633171,1.0114412431684074,1.152379944856468,0.5531411984633171,2.3306565126051404,2.9236623069982848,0.5555376540105396,26.740234375
S4,Finite calibration 20 observations,test,20.0,every5,8192,-0.5630659222414474,1.077870697671233,1.2160208270252042,0.5630659222414474,2.442016028829785,3.2453689999421114,0.5612361141124613,26.744384765625
S4,Finite calibration 20 observations,validation,20.0,every21,1024,-0.2914676625303161,1.9483433723445167,1.9690830918717173,0.2914676625303161,3.56439638305447,4.8791112234588025,0.36445941794099934,6.9990234375
S4,Finite calibration 20 observations,test,20.0,every21,8192,-0.3679038999503719,1.9707547853479752,2.0046829170235356,0.3679038999503719,3.7071148401173097,5.13978508693152,0.3697652067729884,7.0
S4,Finite calibration 20 observations,validation,20.0,band02,1024,-0.8853882351102182,0.7069053565054563,1.132757479259899,0.8853882351102182,2.1959196440088875,2.6478894001873385,0.8723410473301606,64.7919921875
S4,Finite calibration 20 observations,test,20.0,band02,8192,-0.8762201397067226,0.7095242365085136,1.1274417600112498,0.8762201397067226,2.123720386832836,2.7059248417548742,0.8795404596843284,64.938720703125
S4,Finite calibration 20 observations,validation,20.0,band05,1024,-0.7282409915332098,0.7698654144549821,1.0594568875623573,0.7282409915332098,2.04659161055005,2.5668449836163876,0.7106782463393417,31.3916015625
S4,Finite calibration 20 observations,test,20.0,band05,8192,-0.7082551772004824,0.7562381503216312,1.0360751538824977,0.7082551772004824,2.0097479964432385,2.5844007303788246,0.7172342185163589,31.6470947265625
S4,Finite calibration 20 observations,validation,20.0,band10,1024,-0.585144383555134,0.9436501169594953,1.109954903507838,0.585144383555134,2.153813546507737,2.789144222596536,0.5536998600014398,14.24609375
S4,Finite calibration 20 observations,test,20.0,band10,8192,-0.5537322167651126,0.9515038186761117,1.10084893028956,0.5537322167651126,2.18175366476193,2.75585013377497,0.5552794647285175,14.1337890625
S5,Finite calibration 120 observations,validation,0.0,daily,1024,-0.005435325465119336,0.44954363833412153,0.44935695445722984,0.005435325465119336,0.7614961901348598,1.0428749159843624,0.0,126.353515625
S5,Finite calibration 120 observations,test,0.0,daily,8192,-0.003812207954548121,0.453956576161767,0.4539448756603965,0.003812207954548121,0.7474912244864342,1.0526173692791667,0.0,126.3741455078125
S5,Finite calibration 120 observations,validation,0.0,every5,1024,-0.014950113659334586,0.9585764447193121,0.9582249075536918,0.014950113659334586,1.59171351752756,2.2044279929807544,0.0,26.7509765625
S5,Finite calibration 120 observations,test,0.0,every5,8192,-0.011323230598785216,0.9584089386617101,0.9584173317787205,0.011323230598785216,1.6001942771867304,2.2573525183279117,0.0,26.7650146484375
S5,Finite calibration 120 observations,validation,0.0,every21,1024,-0.10062129042522527,1.8739384992206798,1.875724073962055,0.10062129042522527,3.229657763174857,4.503288362009499,0.0,7.0
S5,Finite calibration 120 observations,test,0.0,every21,8192,0.0070562051113883684,1.8953714249692697,1.8952688725406146,-0.0070562051113883684,3.152089584496846,4.537414158439855,0.0,7.0
S5,Finite calibration 120 observations,validation,0.0,band02,1024,-0.0028646203645419453,0.4682821370310441,0.468062193857375,0.0028646203645419453,0.8083928739013465,1.0776725492084644,0.0,63.8046875
S5,Finite calibration 120 observations,test,0.0,band02,8192,-0.004198321203517721,0.46658181564985823,0.46657222598548365,0.004198321203517721,0.7716079772287087,1.0676177994626543,0.0,65.1048583984375
S5,Finite calibration 120 observations,validation,0.0,band05,1024,-0.0021561887732479343,0.5615254230765993,0.5612553155271771,0.0021561887732479343,0.8883653322127568,1.1740377117689649,0.0,30.5107421875
S5,Finite calibration 120 observations,test,0.0,band05,8192,-0.008164244691782929,0.558918235099534,0.558943749336963,0.008164244691782929,0.9391289871710057,1.2282663513019072,0.0,31.4173583984375
S5,Finite calibration 120 observations,validation,0.0,band10,1024,-0.034228972360427545,0.7950332863127808,0.7953818487331755,0.034228972360427545,1.3790885620611584,1.7493068179770657,0.0,13.5029296875
S5,Finite calibration 120 observations,test,0.0,band10,8192,-0.009518412292168646,0.8227612800984823,0.8227661213234622,0.009518412292168646,1.3676726123188905,1.7789377494989385,0.0,13.828857421875
S5,Finite calibration 120 observations,validation,5.0,daily,1024,-0.23713886657924466,0.46121828053680863,0.5184104625877818,0.23713886657924466,1.038425245939974,1.3556106575108577,0.2317035411141277,126.353515625
S5,Finite calibration 120 observations,test,5.0,daily,8192,-0.2401928560812321,0.46672150855746347,0.5248761608347207,0.2401928560812321,1.0376266761304698,1.3697076474547827,0.23638064812668494,126.3741455078125
S5,Finite calibration 120 observations,validation,5.0,every5,1024,-0.15206448991952198,0.9635543827404889,0.9750148618291491,0.15206448991952198,1.7406663788826724,2.375148437876462,0.13711437626018966,26.7509765625
S5,Finite calibration 120 observations,test,5.0,every5,8192,-0.15047510250527796,0.9652171944765697,0.9768179271924694,0.15047510250527796,1.7626485588837826,2.435095411636619,0.13915187190649378,26.7650146484375
S5,Finite calibration 120 observations,validation,5.0,every21,1024,-0.1925360686942908,1.8800172721161825,1.8889371231679688,0.1925360686942908,3.3260249029435243,4.612831716501128,0.09191477826906712,7.0
S5,Finite calibration 120 observations,test,5.0,every21,8192,-0.08504479599148762,1.9010669044530062,1.9028522863487658,0.08504479599148762,3.2538801349910282,4.646590600153048,0.09210100110287714,7.0
S5,Finite calibration 120 observations,validation,5.0,band02,1024,-0.21550489247172652,0.48062327683697603,0.526512590747229,0.21550489247172652,1.0636994967317317,1.3716237110675158,0.21264027210718198,63.8046875
S5,Finite calibration 120 observations,test,5.0,band02,8192,-0.22150645292556878,0.4795474181167272,0.5282071212337279,0.22150645292556878,1.0357813260893944,1.3633354713096018,0.2173081317220512,65.1048583984375
S5,Finite calibration 120 observations,validation,5.0,band05,1024,-0.1746456203647093,0.5732710641259816,0.5990157497570644,0.1746456203647093,1.0981999694026519,1.4042146385670684,0.1724894315914612,30.5107421875
S5,Finite calibration 120 observations,test,5.0,band05,8192,-0.18473521007257376,0.5699239283294676,0.5990832428502386,0.18473521007257376,1.1394540279556766,1.4596173228827054,0.1765709653807907,31.4173583984375
S5,Finite calibration 120 observations,validation,5.0,band10,1024,-0.16793312576351674,0.8015899719623363,0.8186088999512114,0.16793312576351674,1.5510607583707574,1.9113706173166751,0.133704153403088,13.5029296875
S5,Finite calibration 120 observations,test,5.0,band10,8192,-0.1455406354589294,0.8305431627920238,0.84314875169886,0.1455406354589294,1.5095594833606942,1.9424331976811742,0.13602222316676105,13.828857421875
S5,Finite calibration 120 observations,validation,20.0,daily,1024,-0.932249489921628,0.552339178672572,1.0834526992289395,0.932249489921628,1.9419907056376702,2.3382745795556157,0.9268141644565108,126.353515625
S5,Finite calibration 120 observations,test,20.0,daily,8192,-0.9493348004612863,0.5582991479606985,1.1013157825599977,0.9493348004612863,1.9758911827803602,2.370764444145136,0.9455225925067398,126.3741455078125
S5,Finite calibration 120 observations,validation,20.0,every5,1024,-0.5634076187000895,0.9880745100826289,1.1369986688086913,0.5634076187000895,2.2346882169048903,2.912375907148358,0.5484575050407586,26.7509765625
S5,Finite calibration 120 observations,test,20.0,every5,8192,-0.5679307182247602,0.9948606688479738,1.1455008652579621,0.5679307182247602,2.268522991067311,2.98006447596893,0.5566074876259751,26.7650146484375
S5,Finite calibration 120 observations,validation,20.0,every21,1024,-0.4682804035014926,1.9003689028085864,1.9563133039807976,0.4682804035014926,3.6232016515226,4.942736413618713,0.3676591130762685,7.0
S5,Finite calibration 120 observations,test,20.0,every21,8192,-0.3613477993001202,1.920093106163874,1.953683629647467,0.3613477993001202,3.5850279808551386,4.978171666822795,0.36840400441150856,7.0
S5,Finite calibration 120 observations,validation,20.0,band02,1024,-0.8534257087932712,0.5712696447024511,1.0268231333514326,0.8534257087932712,1.897533120209645,2.3145981167496616,0.8505610884287279,63.8046875
S5,Finite calibration 120 observations,test,20.0,band02,8192,-0.8734308480917229,0.5700640968195572,1.0429836294574175,0.8734308480917229,1.9129871812164556,2.3063913125885636,0.8692325268882048,65.1048583984375
S5,Finite calibration 120 observations,validation,20.0,band05,1024,-0.6921139151390915,0.6447008339248532,0.9456505375508625,0.6921139151390915,1.7456972416737169,2.161370535836742,0.6899577263658448,30.5107421875
S5,Finite calibration 120 observations,test,20.0,band05,8192,-0.7144481062149455,0.6382635568929489,0.958001427704012,0.7144481062149455,1.84850996866571,2.2156615118729936,0.7062838615231628,31.4173583984375
S5,Finite calibration 120 observations,validation,20.0,band10,1024,-0.5690455859727805,0.8386773845408471,1.0131661956278726,0.5690455859727805,2.0607401933999183,2.4179302729940795,0.534816613612352,13.5029296875
S5,Finite calibration 120 observations,test,20.0,band10,8192,-0.5536073049592125,0.8698478366196111,1.0310305253839582,0.5536073049592125,2.0075864828773153,2.4662796266395803,0.5440888926670442,13.828857421875
S6,Volatility regime change,validation,0.0,daily,1024,-3.3345090216845783,2.383550860364602,4.098135790911535,3.3345090216845783,7.832006405530798,9.035695771810435,0.0,125.453125
S6,Volatility regime change,test,0.0,daily,8192,-3.306707536524288,2.3827556412394943,4.075677381832598,3.306707536524288,7.730826491646033,9.048792880783369,0.0,125.522705078125
S6,Volatility regime change,validation,0.0,every5,1024,-3.279732992702791,2.8936442256452657,4.372830716762597,3.279732992702791,9.3826487321227,11.052793987443433,0.0,26.4990234375
S6,Volatility regime change,test,0.0,every5,8192,-3.3054870786991843,2.8714321344185922,4.378397063462666,3.3054870786991843,8.922018014928563,11.107972312501264,0.0,26.544921875
S6,Volatility regime change,validation,0.0,every21,1024,-3.267467522013087,4.197068192405014,5.31737932615291,3.267467522013087,10.985277354449448,15.61661361609894,0.0,6.9951171875
S6,Volatility regime change,test,0.0,every21,8192,-3.2840296294285123,4.233838382325598,5.357989352076989,3.2840296294285123,11.580402203312637,15.678051508948453,0.0,6.998046875
S6,Volatility regime change,validation,0.0,band02,1024,-3.336305755454113,2.3711634622367592,4.092415132624874,3.336305755454113,7.871963695394191,9.025474615133268,0.0,66.876953125
S6,Volatility regime change,test,0.0,band02,8192,-3.3031928154112453,2.374012546496236,4.06771807851646,3.3031928154112453,7.706374799503721,9.037923113462732,0.0,66.5771484375
S6,Volatility regime change,validation,0.0,band05,1024,-3.338190146410359,2.3577950484697037,4.08623078648038,3.338190146410359,7.7227143316123055,9.060153277565979,0.0,36.064453125
S6,Volatility regime change,test,0.0,band05,8192,-3.2975993916648383,2.348059868265818,4.048070388743411,3.2975993916648383,7.705238201434961,9.014722486987857,0.0,36.0450439453125
S6,Volatility regime change,validation,0.0,band10,1024,-3.380329700203771,2.3756353271124655,4.130951551299617,3.380329700203771,7.812704264583796,9.21012127225978,0.0,18.298828125
S6,Volatility regime change,test,0.0,band10,8192,-3.3010270827532624,2.3444884768623697,4.048794270437905,3.3010270827532624,7.675813386359253,9.006390655749486,0.0,18.1888427734375
S6,Volatility regime change,validation,5.0,daily,1024,-3.6185008490050485,2.473359493622638,4.382360260274529,3.6185008490050485,8.230307565571515,9.494639293647984,0.28399182732046974,125.453125
S6,Volatility regime change,test,5.0,daily,8192,-3.5918355041298557,2.4710090704566747,4.359635623262113,3.5918355041298557,8.171558699059313,9.51160068782376,0.28512796760556747,125.522705078125
S6,Volatility regime change,validation,5.0,every5,1024,-3.4384955111412228,2.929469548674406,4.516266440397259,3.4384955111412228,9.589692542192765,11.294458007499603,0.15876251843842942,26.4990234375
S6,Volatility regime change,test,5.0,every5,8192,-3.4658073978505772,2.9062594273833673,4.5229563042788845,3.4658073978505772,9.129777354578929,11.347776491278989,0.16032031915139067,26.544921875
S6,Volatility regime change,validation,5.0,every21,1024,-3.3663460939550314,4.206808715430143,5.386301433450366,3.3663460939550314,11.08951383272287,15.736880353119918,0.09887857194193433,6.9951171875
S6,Volatility regime change,test,5.0,every21,8192,-3.3836677186179456,4.242497876932217,5.426398285058606,3.3836677186179456,11.682432963151925,15.795891945925119,0.09963808918942411,6.998046875
S6,Volatility regime change,validation,5.0,band02,1024,-3.6034632176429104,2.4608438244889554,4.362887308743775,3.6034632176429104,8.25992727188949,9.466751609402971,0.26715746218879866,66.876953125
S6,Volatility regime change,test,5.0,band02,8192,-3.571242308125939,2.462475747002275,4.337835660738305,3.571242308125939,8.129650837210882,9.48552024861931,0.2680494927146929,66.5771484375
S6,Volatility regime change,validation,5.0,band05,1024,-3.5665911313444956,2.4421497141717,4.3219027306117805,3.5665911313444956,8.106897755377483,9.46411189293807,0.2284009849341369,36.064453125
S6,Volatility regime change,test,5.0,band05,8192,-3.5270953792108486,2.4311217130250986,4.283693863826095,3.5270953792108486,8.091574925395818,9.420078491929745,0.2294959875460097,36.0450439453125
S6,Volatility regime change,validation,5.0,band10,1024,-3.565113627239878,2.445947833099353,4.322829343749902,3.565113627239878,8.185248946268901,9.544841981832835,0.18478392703610064,18.298828125
S6,Volatility regime change,test,5.0,band10,8192,-3.4860702671601658,2.41352772150639,4.239939963763624,3.4860702671601658,8.00199756803729,9.349704556758805,0.18504318440689974,18.1888427734375
S6,Volatility regime change,validation,20.0,daily,1024,-4.470476330966459,2.7468941406669756,5.246257472169759,4.470476330966459,9.4169721657682,10.87278284254942,1.135967309281879,125.453125
S6,Volatility regime change,test,20.0,daily,8192,-4.4472194069465605,2.739912167492028,5.223405282262622,4.4472194069465605,9.465213233057526,10.908143330426148,1.1405118704222699,125.522705078125
S6,Volatility regime change,validation,20.0,every5,1024,-3.914783066456515,3.0399331647723824,4.955572166816614,3.914783066456515,10.303645013405633,12.024607171878614,0.6350500737537177,26.4990234375
S6,Volatility regime change,test,20.0,every5,8192,-3.946768355304755,3.01362206211632,4.965661058826811,3.946768355304755,9.800096453721057,12.06993798405744,0.6412812766055627,26.544921875
S6,Volatility regime change,validation,20.0,every21,1024,-3.6629818097808533,4.237356548816914,5.599561759177502,3.6629818097808533,11.402223267543041,16.09768056418284,0.39551428776773734,6.9951171875
S6,Volatility regime change,test,20.0,every21,8192,-3.682581986186239,4.26974475000632,5.638253708860069,3.682581986186239,12.021904227482691,16.150879304607095,0.39855235675769646,6.998046875
S6,Volatility regime change,validation,20.0,band02,1024,-4.40493560420931,2.7339668696599086,5.183698788715675,4.40493560420931,9.444437517751265,10.802540981515147,1.0686298487551946,66.876953125
S6,Volatility regime change,test,20.0,band02,8192,-4.37539078627002,2.731934415470405,5.158158500416977,4.37539078627002,9.40454175896738,10.836538899949037,1.0721979708587717,66.5771484375
S6,Volatility regime change,validation,20.0,band05,1024,-4.251794086146912,2.699106354795247,5.035455653331403,4.251794086146912,9.339595058787745,10.685252434650964,0.9136039397365476,36.064453125
S6,Volatility regime change,test,20.0,band05,8192,-4.215583341848884,2.684106604926538,4.997468532354574,4.215583341848884,9.253818619311113,10.643662902876835,0.9179839501840388,36.0450439453125
S6,Volatility regime change,validation,20.0,band10,1024,-4.119465408348189,2.6608787865538135,4.903402577329285,4.119465408348189,8.971833025103882,10.55539497058672,0.7391357081444025,18.298828125
S6,Volatility regime change,test,20.0,band10,8192,-4.041199820380877,2.624551418682708,4.818581252222082,4.041199820380877,8.943630587718946,10.386351122237262,0.7401727376275989,18.1888427734375
S7,Jump stress,validation,0.0,daily,1024,-1.519633707475054,3.575077155316073,3.8830376837624048,1.519633707475054,8.556473672658843,13.548479804827515,0.0,126.1005859375
S7,Jump stress,test,0.0,daily,8192,-1.6603327920068498,3.839380891721258,4.182792272190289,1.6603327920068498,9.758831460650494,15.061611366324934,0.0,125.9765625
S7,Jump stress,validation,0.0,every5,1024,-1.4911100604079224,3.709126667623332,3.995947280973746,1.4911100604079224,8.9317412758042,13.899431142740932,0.0,26.6796875
S7,Jump stress,test,0.0,every5,8192,-1.664391485649344,3.9378691333060627,4.2749408659067925,1.664391485649344,10.00928767030919,15.163568851838658,0.0,26.6700439453125
S7,Jump stress,validation,0.0,every21,1024,-1.57468543473975,4.121172646671402,4.409888003347708,1.57468543473975,9.564686293077068,14.874863906491589,0.0,6.9970703125
S7,Jump stress,test,0.0,every21,8192,-1.6762139422841376,4.32108241640048,4.634562240695347,1.6762139422841376,10.130207553003286,15.716505737112177,0.0,6.9957275390625
S7,Jump stress,validation,0.0,band02,1024,-1.5202904482042567,3.5594955253169713,3.8689686463681308,1.5202904482042567,8.409504199210094,13.498191654631341,0.0,60.2509765625
S7,Jump stress,test,0.0,band02,8192,-1.6614304750989586,3.8245280536374993,4.169601963302513,1.6614304750989586,9.783824044421834,14.997157308278227,0.0,59.5753173828125
S7,Jump stress,validation,0.0,band05,1024,-1.515076438756072,3.5615572411356227,3.8688188384310442,1.515076438756072,8.53637538890841,13.395526350792077,0.0,28.68359375
S7,Jump stress,test,0.0,band05,8192,-1.6580329499403557,3.798333506054651,4.144230873964135,1.6580329499403557,9.589101710339616,14.860454400893476,0.0,28.357666015625
S7,Jump stress,validation,0.0,band10,1024,-1.4792340926548162,3.457883389000599,3.759443351941722,1.4792340926548162,8.43397731699539,12.790210964918993,0.0,12.708984375
S7,Jump stress,test,0.0,band10,8192,-1.653258141796039,3.775615631722513,4.121504062383507,1.653258141796039,9.57801167554381,14.590937382359005,0.0,12.622802734375
S7,Jump stress,validation,5.0,daily,1024,-1.746430949212142,3.5613568372182995,3.9649587114887983,1.746430949212142,8.742503426609755,13.729208050056362,0.2267972417370892,126.1005859375
S7,Jump stress,test,5.0,daily,8192,-1.8869238595325304,3.8241243735032433,4.264108784767164,1.8869238595325304,9.954517126718368,15.246381195302355,0.22659106752568048,125.9765625
S7,Jump stress,validation,5.0,every5,1024,-1.6285772787509094,3.7024324015860453,4.04312786303784,1.6285772787509094,9.012667037216683,14.00931089655165,0.13746721834298548,26.6796875
S7,Jump stress,test,5.0,every5,8192,-1.8029284570839472,3.931725802958171,4.325174191985373,1.8029284570839472,10.159463796899974,15.281711940601834,0.1385369714346002,26.6700439453125
S7,Jump stress,validation,5.0,every21,1024,-1.6686907545744432,4.119813929314625,4.443064323339328,1.6686907545744432,9.631984800207313,14.955162478511443,0.09400531983468544,6.9970703125
S7,Jump stress,test,5.0,every21,8192,-1.7709103173172687,4.320365661615868,4.6689832181509505,1.7709103173172687,10.211546646598878,15.804224034203084,0.09469637503312178,6.9957275390625
S7,Jump stress,validation,5.0,band02,1024,-1.7286523388954678,3.546645052763807,3.9439379002471413,1.7286523388954678,8.596356997003358,13.665820959291938,0.20836189069121294,60.2509765625
S7,Jump stress,test,5.0,band02,8192,-1.869532560911257,3.810544288235096,4.244246373353618,1.869532560911257,9.96002144791844,15.167347465712126,0.20810208581229955,59.5753173828125
S7,Jump stress,validation,5.0,band05,1024,-1.685200680786402,3.5518795756624444,3.929812933201866,1.685200680786402,8.667191129687534,13.532501030105264,0.17012424203032928,28.68359375
S7,Jump stress,test,5.0,band05,8192,-1.8282276993711015,3.787680717592482,4.205614158996632,1.8282276993711015,9.710702973425299,15.00036710842914,0.17019474943074486,28.357666015625
S7,Jump stress,validation,5.0,band10,1024,-1.6121079658567297,3.4511765227621396,3.8076081758229816,1.6121079658567297,8.552768877480917,12.89719448113772,0.13287387320190863,12.708984375
S7,Jump stress,test,5.0,band10,8192,-1.7868179677321119,3.7689068854969947,4.170808506054944,1.7868179677321119,9.684026150908467,14.705571075041295,0.13355982593606874,12.622802734375
S7,Jump stress,validation,20.0,daily,1024,-2.4268226744234127,3.5288910759303085,4.2813992240307,2.4268226744234127,9.266226399200477,14.277704116073277,0.9071889669483568,126.1005859375
S7,Jump stress,test,20.0,daily,8192,-2.5666970621095735,3.786223294722783,4.574021284251448,2.5666970621095735,10.49314519199195,15.80812806368826,0.9063642701027219,125.9765625
S7,Jump stress,validation,20.0,every5,1024,-2.040978933779873,3.685035656735498,4.210916952517462,2.040978933779873,9.252864676795935,14.339286049215335,0.5498688733719419,26.6796875
S7,Jump stress,test,20.0,every5,8192,-2.2185393713877524,3.915753215095228,4.500352037872203,2.2185393713877524,10.41542432864282,15.637710515954101,0.5541478857384008,26.6700439453125
S7,Jump stress,validation,20.0,every21,1024,-1.9507067140785215,4.1167940188772665,4.553756570547725,1.9507067140785215,9.886361170921383,15.196256017922007,0.37602127933874174,6.9970703125
S7,Jump stress,test,20.0,every21,8192,-2.054999442416655,4.31922906286908,4.782936869109907,2.054999442416655,10.454833812653987,16.06922858371244,0.37878550013248713,6.9957275390625
S7,Jump stress,validation,20.0,band02,1024,-2.3537380109691117,3.5165740804744168,4.23016541396199,2.3537380109691117,9.183450821611856,14.176371865650182,0.8334475627648518,60.2509765625
S7,Jump stress,test,20.0,band02,8192,-2.4938388183481597,3.776262223618917,4.525223496324313,2.4938388183481597,10.43543866440434,15.683179014943091,0.8324083432491982,59.5753173828125
S7,Jump stress,validation,20.0,band05,1024,-2.1955734068773975,3.529153683191192,4.154913391536717,2.1955734068773975,9.080074017204028,13.953727108033535,0.6804969681213171,28.68359375
S7,Jump stress,test,20.0,band05,8192,-2.3388119476633427,3.761457459756856,4.429094312461802,2.3388119476633427,10.153449182073542,15.427169599443657,0.6807789977229795,28.357666015625
S7,Jump stress,validation,20.0,band10,1024,-2.0107295854624687,3.434947459030469,3.978740401682891,2.0107295854624687,8.85151949964032,13.220690578829904,0.5314954928076345,12.708984375
S7,Jump stress,test,20.0,band10,8192,-2.1874974455403287,3.7523170497789837,4.343191174765417,2.1874974455403287,10.00974698860489,15.05087242513877,0.534239303744275,12.622802734375
