step,time,event,spot,hedge_vol,desired_delta,trade,position,cash_before,interest,fee,terminal_value_fee,payoff,cash_after,wealth,cumulative_cost,cumulative_turnover
0,0.0,entry,100.0,0.2,0.5701581024006669,0.5701581024006669,0.5701581024006669,6.371027942167466,0.0,0.028507905120033348,0.028938746932171196,0.0,-50.673290203019256,6.342520037047436,0.028938746932171196,57.01581024006669
1,0.003968253968253968,observation,99.76918127404174,0.2,0.5634288362861655,0.0,0.5701581024006669,-50.673290203019256,-0.00603289364166547,0.0,0.0,0.0,-50.67932309666092,6.204883976614866,0.028938746932171196,57.01581024006669
2,0.007936507936507936,observation,101.17266919618476,0.2,0.6019771547486726,0.0,0.5701581024006669,-50.67932309666092,-0.006033611886041271,0.0,0.0,0.0,-50.68535670854696,6.999060375160141,0.028938746932171196,57.01581024006669
3,0.011904761904761904,observation,100.40529805778019,0.2,0.5806697684228336,0.0,0.5701581024006669,-50.68535670854696,-0.006034330215927444,0.0,0.0,0.0,-50.69139103876289,6.5555031728344275,0.028938746932171196,57.01581024006669
4,0.015873015873015872,observation,101.65703056323873,0.2,0.6148747986318561,0.0,0.5701581024006669,-50.69139103876289,-0.006035048631334171,0.0,0.0,0.0,-50.69742608739422,7.263153554228573,0.028938746932171196,57.01581024006669
5,0.01984126984126984,observation,102.1155268253527,0.2,0.627141217204497,0.056983114803830115,0.627141217204497,-50.69742608739422,-0.006035767132271632,0.0029094303941713333,0.0029516433501480506,0.0,-56.52523207326333,7.515623715466823,0.03189039028231925,62.83467102840936
6,0.023809523809523808,observation,101.95791122197213,0.2,0.6228633209925626,0.0,0.627141217204497,-56.52523207326333,-0.006729594857610747,0.0,0.0,0.0,-56.53196166812094,7.4100468792547005,0.03189039028231925,62.83467102840936
7,0.027777777777777776,observation,101.94291939062796,0.2,0.6224069365643249,0.0,0.627141217204497,-56.53196166812094,-0.006730396047544632,0.0,0.0,0.0,-56.53869206416849,7.393914487849855,0.03189039028231925,62.83467102840936
8,0.031746031746031744,observation,100.85076628372218,0.2,0.5921091448250699,0.0,0.627141217204497,-56.53869206416849,-0.006731197332863948,0.0,0.0,0.0,-56.54542326150135,6.70224906167843,0.03189039028231925,62.83467102840936
9,0.03571428571428571,observation,100.56641218497326,0.2,0.5838654659684608,0.0,0.627141217204497,-56.54542326150135,-0.006731998713580051,0.0,0.0,0.0,-56.55215526021493,6.517186887358356,0.03189039028231925,62.83467102840936
10,0.03968253968253968,observation,99.43422963684532,0.2,0.5508477969205925,-0.07629342028390451,0.5508477969205925,-56.55215526021493,-0.006732800189704301,0.003793088736145057,0.0038458328325843925,0.0,-48.97650367685067,5.796622657101857,0.03573622311490364,70.42084850069948
11,0.04365079365079365,observation,98.89629159364767,0.2,0.5345603598025911,0.0,0.5508477969205925,-48.97650367685067,-0.0058308832215018275,0.0,0.0,0.0,-48.98233456007217,5.494469787905167,0.03573622311490364,70.42084850069948
12,0.047619047619047616,observation,98.02961206992148,0.2,0.5080615970105918,0.0,0.5508477969205925,-48.98233456007217,-0.005831577415586548,0.0,0.0,0.0,-48.98816613748775,5.011229704208823,0.03573622311490364,70.42084850069948
13,0.051587301587301584,observation,97.22912545636268,0.2,0.48308775788851066,0.0,0.5508477969205925,-48.98816613748775,-0.0058322716923183415,0.0,0.0,0.0,-48.99399840918007,4.564451144973205,0.03573622311490364,70.42084850069948
14,0.05555555555555555,observation,98.11152981032586,0.2,0.5094448552385111,0.0,0.5508477969205925,-48.99399840918007,-0.005832966051707047,0.0,0.0,0.0,-48.99983137523178,5.044688673295262,0.03573622311490364,70.42084850069948
15,0.05952380952380952,observation,97.0889925948643,0.2,0.47741550800705745,-0.07343228891353504,0.47741550800705745,-48.99983137523178,-0.005833660493762504,0.0035647334772750693,0.00361215149153463,0.0,-41.87976281465268,4.472027906917894,0.039348374606438266,77.55031545524962
16,0.06349206349206349,observation,96.42201985847869,0.2,0.45597942196628694,0.0,0.47741550800705745,-41.87976281465268,-0.004985982828166981,0.0,0.0,0.0,-41.884748797480846,4.148618796321344,0.039348374606438266,77.55031545524962
17,0.06746031746031746,observation,95.58079072625661,0.2,0.4288898109459309,0.0,0.47741550800705745,-41.884748797480846,-0.004986576432884199,0.0,0.0,0.0,-41.88973537391373,3.7420163863783173,0.039348374606438266,77.55031545524962
18,0.07142857142857142,observation,95.35941246670855,0.2,0.42103173151613577,0.0,0.47741550800705745,-41.88973537391373,-0.004987170108272853,0.0,0.0,0.0,-41.894722544022,3.63133980202619,0.039348374606438266,77.55031545524962
19,0.07539682539682539,observation,94.09855939641889,0.2,0.38062518768088727,0.0,0.47741550800705745,-41.894722544022,-0.0049877638543413556,0.0,0.0,0.0,-41.89971030787634,3.0244012290972577,0.039348374606438266,77.55031545524962
20,0.07936507936507936,observation,95.07844570442673,0.2,0.4102377948275,-0.06717771317955745,0.4102377948275,-41.89971030787634,-0.00498835767109812,0.0031935762775450525,0.0032341315147332993,0.0,-35.52073968673488,3.484032214675331,0.042582506121171565,83.93746801033973
21,0.08333333333333333,observation,94.46524850738156,0.2,0.3898665824954062,0.0,0.4102377948275,-35.52073968673488,-0.0042289112024265,0.0,0.0,0.0,-35.5249685979373,3.228246637562691,0.042582506121171565,83.93746801033973
22,0.0873015873015873,observation,93.91879800605469,0.2,0.37156702143700004,0.0,0.4102377948275,-35.5249685979373,-0.0042294146742042765,0.0,0.0,0.0,-35.52919801261151,2.999842574241768,0.042582506121171565,83.93746801033973
23,0.09126984126984126,observation,93.26453654709674,0.2,0.34992722928435094,0.0,0.4102377948275,-35.52919801261151,-0.004229918205922737,0.0,0.0,0.0,-35.53342793081743,2.727209877872319,0.042582506121171565,83.93746801033973
24,0.09523809523809523,observation,94.70307366909164,0.2,0.39409309237141293,0.0,0.4102377948275,-35.53342793081743,-0.004230421797589018,0.0,0.0,0.0,-35.53765835261502,3.3131217527794163,0.042582506121171565,83.93746801033973
25,0.0992063492063492,observation,95.98990511915373,0.2,0.43448521694217795,0.024247422114677952,0.43448521694217795,-35.53765835261502,-0.004230925449210257,0.0011637538740860035,0.0011778310902865246,0.0,-37.87056078011032,3.835633969844274,0.04376033721145809,86.26497575851174
26,0.10317460317460317,observation,95.26818230701132,0.2,0.4101078210576094,0.0,0.43448521694217795,-37.87056078011032,-0.004508668460668071,0.0,0.0,0.0,-37.87506944857098,3.517547408777787,0.04376033721145809,86.26497575851174
27,0.10714285714285714,observation,97.50223708732908,0.2,0.48201881618951253,0.0,0.43448521694217795,-37.87506944857098,-0.004509205238863837,0.0,0.0,0.0,-37.879578653809844,4.483701979426002,0.04376033721145809,86.26497575851174
28,0.1111111111111111,observation,99.25393654156174,0.2,0.5381841104126193,0.0,0.43448521694217795,-37.879578653809844,-0.004509742080965573,0.0,0.0,0.0,-37.88408839589081,5.240279754734814,0.04376033721145809,86.26497575851174
29,0.11507936507936507,observation,98.24471245662754,0.2,0.5049423753618151,0.0,0.43448521694217795,-37.88408839589081,-0.004510278986980888,0.0,0.0,0.0,-37.88859867487779,4.797276530261918,0.04376033721145809,86.26497575851174
30,0.11904761904761904,observation,99.54310588375334,0.2,0.5466515476644054,0.11216633072222743,0.5466515476644054,-37.88859867487779,-0.004510815956917391,0.00558269246783739,0.005646860644336485,0.0,-49.06407711897733,5.351315771698211,0.049407197855794574,97.43036069418652
31,0.12301587301587301,observation,100.1192234254427,0.2,0.5648197927278398,0.0,0.5466515476644054,-49.06407711897733,-0.005841309251863542,0.0,0.0,0.0,-49.069918428229194,5.660410008247446,0.049407197855794574,97.43036069418652
32,0.12698412698412698,observation,101.7102845243871,0.2,0.614672701980234,0.0,0.5466515476644054,-49.069918428229194,-0.005842004687216238,0.0,0.0,0.0,-49.07576043291641,6.524324015726819,0.049407197855794574,97.43036069418652
33,0.13095238095238093,observation,104.20168890326995,0.2,0.6881549994710465,0.0,0.5466515476644054,-49.07576043291641,-0.005842700205363784,0.0,0.0,0.0,-49.081603133121774,7.88041137509564,0.049407197855794574,97.43036069418652
34,0.1349206349206349,observation,101.28006574718016,0.2,0.6011441591157597,0.0,0.5466515476644054,-49.081603133121774,-0.0058433958063160395,0.0,0.0,0.0,-49.08744652892809,6.277458159320673,0.049407197855794574,97.43036069418652
35,0.1388888888888889,observation,100.71822528021399,0.2,0.5830794010238249,0.03642785335941956,0.5830794010238249,-49.08744652892809,-0.005844091490082861,0.0018344743705643097,0.0018544558806711986,0.0,-52.76407383591736,5.962648632652474,0.051261653736465775,101.09930943531513
36,0.14285714285714285,observation,102.5447281213733,0.2,0.6404444150376614,0.0,0.5830794010238249,-52.76407383591736,-0.006281811271337317,0.0,0.0,0.0,-52.770355647188694,7.021363003972624,0.051261653736465775,101.09930943531513
37,0.1468253968253968,observation,102.22393695384682,0.2,0.6306710990615968,0.0,0.5830794010238249,-52.770355647188694,-0.0062825591505282115,0.0,0.0,0.0,-52.77663820633922,6.8280337230070245,0.051261653736465775,101.09930943531513
38,0.15079365079365079,observation,104.35209363239697,0.2,0.6943375448200648,0.0,0.5830794010238249,-52.77663820633922,-0.006283307118757643,0.0,0.0,0.0,-52.78292151345798,8.062634737302147,0.051261653736465775,101.09930943531513
39,0.15476190476190477,observation,104.36699575627419,0.2,0.6951921564078329,0.0,0.5830794010238249,-52.78292151345798,-0.006284055176036211,0.0,0.0,0.0,-52.78920556863402,8.065039803590416,0.051261653736465775,101.09930943531513
40,0.15873015873015872,observation,104.77694569266546,0.2,0.7072736752667685,0.1241942742429436,0.7072736752667685,-52.78920556863402,-0.006284803322374519,0.006506348363846452,0.006573303137883269,0.0,-65.81469344801314,8.291282015264969,0.057834956874349044,114.11200616300803
41,0.16269841269841268,observation,103.64399538384484,0.2,0.6748447360113642,0.0,0.7072736752667685,-65.81469344801314,-0.00783554894580386,0.0,0.0,0.0,-65.82252899695895,7.482140537504975,0.057834956874349044,114.11200616300803
42,0.16666666666666666,observation,102.51797392353647,0.2,0.6404643863389208,0.0,0.7072736752667685,-65.82252899695895,-0.007836481804776007,0.0,0.0,0.0,-65.83036547876372,6.677898719038652,0.057834956874349044,114.11200616300803
43,0.17063492063492064,observation,102.1617332938366,0.2,0.6292263644051823,0.0,0.7072736752667685,-65.83036547876372,-0.007837414774809403,0.0,0.0,0.0,-65.83820289353854,6.418101684816676,0.057834956874349044,114.11200616300803
44,0.1746031746031746,observation,103.47710638345073,0.2,0.6708300423490162,0.0,0.7072736752667685,-65.83820289353854,-0.007838347855917274,0.0,0.0,0.0,-65.84604124139446,7.340592096399135,0.057834956874349044,114.11200616300803
45,0.17857142857142855,observation,99.67421373831131,0.2,0.5449681233465484,-0.16230555192022011,0.5449681233465484,-65.84604124139446,-0.00783928104811284,0.008088839136505302,0.008167215937578912,0.0,-49.68429108856847,4.634978118441801,0.06600217281192795,130.28968443601863
46,0.18253968253968253,observation,100.01992542428889,0.2,0.5567076422750746,0.0,0.5449681233465484,-49.68429108856847,-0.005915148643358108,0.0,0.0,0.0,-49.69020623721183,4.817464818524606,0.06600217281192795,130.28968443601863
47,0.1865079365079365,observation,98.23484609963882,0.2,0.4923958029173386,0.0,0.5449681233465484,-49.69020623721183,-0.005915852869637813,0.0,0.0,0.0,-49.69612209008147,3.838737636075699,0.06600217281192795,130.28968443601863
48,0.19047619047619047,observation,97.17504880906077,0.2,0.4528551378725396,0.0,0.5449681233465484,-49.69612209008147,-0.005916557179758968,0.0,0.0,0.0,-49.702038647261226,3.2552653383218697,0.06600217281192795,130.28968443601863
49,0.19444444444444442,observation,97.60893044344957,0.2,0.4678341615369854,0.0,0.5449681233465484,-49.702038647261226,-0.005917261573731559,0.0,0.0,0.0,-49.707955908834954,3.485799736795535,0.06600217281192795,130.28968443601863
50,0.1984126984126984,observation,96.25302551691566,0.2,0.4166729305096516,-0.12829519283689683,0.4166729305096516,-49.707955908834954,-0.005917966051565565,0.006174400234913723,0.006230517336355824,0.0,-37.37124780529398,2.7347824072595373,0.07223269014828378,142.63848490584607
51,0.20238095238095238,observation,98.75861309237155,0.2,0.508735778134971,0.0,0.4166729305096516,-37.37124780529398,-0.0044492229015006685,0.0,0.0,0.0,-37.37569702819548,3.7743437020718176,0.07223269014828378,142.63848490584607
52,0.20634920634920634,observation,97.32727284834229,0.2,0.4544244106113633,0.0,0.4166729305096516,-37.37569702819548,-0.004449752602422895,0.0,0.0,0.0,-37.38014678079791,3.173493215433318,0.07223269014828378,142.63848490584607
53,0.2103174603174603,observation,97.70715673983574,0.2,0.46775030732455825,0.0,0.4166729305096516,-37.38014678079791,-0.004450282366408509,0.0,0.0,0.0,-37.384597063164314,3.327330267388902,0.07223269014828378,142.63848490584607
54,0.21428571428571427,observation,96.42461255081867,0.2,0.41802774053461156,0.0,0.4166729305096516,-37.384597063164314,-0.0044508121934650185,0.0,0.0,0.0,-37.38904787535778,2.7884780094495625,0.07223269014828378,142.63848490584607
55,0.21825396825396826,observation,96.22937158247701,0.2,0.4092963531010615,-0.0073765774085901015,0.4092963531010615,-37.38904787535778,-0.004451342083599933,0.0003549217042290611,0.00035793435176784745,0.0,-36.68401073068749,2.7023201192272737,0.07259062450005162,143.34832831430418
56,0.2222222222222222,observation,95.85495902918579,0.2,0.39363635302510197,0.0,0.4092963531010615,-36.68401073068749,-0.00436740409397703,0.0,0.0,0.0,-36.688378134781466,2.5447070225159436,0.07259062450005162,143.34832831430418
57,0.22619047619047616,observation,96.35698418946956,0.2,0.4114626034165922,0.0,0.4092963531010615,-36.688378134781466,-0.004367924053985223,0.0,0.0,0.0,-36.69274605883545,2.7458161657310782,0.07259062450005162,143.34832831430418
58,0.23015873015873015,observation,94.88308228198176,0.2,0.35356892839748594,0.0,0.4092963531010615,-36.69274605883545,-0.004368444075897102,0.0,0.0,0.0,-36.69711450291135,2.1381850460917278,0.07259062450005162,143.34832831430418
59,0.23412698412698413,observation,94.04465979448689,0.2,0.32043368670471106,0.0,0.4092963531010615,-36.69711450291135,-0.004368964159720036,0.0,0.0,0.0,-36.701483467071064,1.7906528154424421,0.07259062450005162,143.34832831430418
60,0.23809523809523808,observation,92.89442338455478,0.2,0.2768657608221121,-0.13243059227894938,0.2768657608221121,-36.701483467071064,-0.0043694843054613965,0.006151031754114038,0.006199551653602611,0.0,-24.40994047490257,1.309344731593594,0.07879017615365423,155.65039182253227
61,0.24206349206349204,observation,92.65739673650852,0.2,0.26637250842253835,0.0,0.2768657608221121,-24.40994047490257,-0.0029061182744296718,0.0,0.0,0.0,-24.412846593177,1.2408140500727178,0.07879017615365423,155.65039182253227
62,0.24603174603174602,observation,93.85053226987907,0.2,0.3072355785423535,0.0,0.2768657608221121,-24.412846593177,-0.0029064642614849727,0.0,0.0,0.0,-24.415753057438486,1.5682459630217664,0.07879017615365423,155.65039182253227
63,0.25,observation,93.01020568237311,0.2,0.2743832227508567,0.0,0.2768657608221121,-24.415753057438486,-0.0029068102897316602,0.0,0.0,0.0,-24.41865986772822,1.3326814927431485,0.07879017615365423,155.65039182253227
64,0.25396825396825395,observation,91.87956921428079,0.2,0.23278262139562694,0.0,0.2768657608221121,-24.41865986772822,-0.002907156359174639,0.0,0.0,0.0,-24.421567024087395,1.016739810432366,0.07879017615365423,155.65039182253227
65,0.2579365079365079,observation,91.03836616609087,0.2,0.2029418270159693,-0.07392393380614282,0.2029418270159693,-24.421567024087395,-0.002907502469818813,0.003364957077140747,0.0033894820160709155,0.0,-17.69792532935286,0.7775670289424248,0.08217965816972515,162.38030597681376
66,0.26190476190476186,observation,91.98216470303934,0.2,0.2313505380058607,0.0,0.2029418270159693,-17.69792532935286,-0.0021070212879873646,0.0,0.0,0.0,-17.700032350640846,0.9669962070777629,0.08217965816972515,162.38030597681376
67,0.26587301587301587,observation,92.05087956429401,0.2,0.2311887253218149,0.0,0.2029418270159693,-17.700032350640846,-0.002107272138786281,0.0,0.0,0.0,-17.702139622779633,0.9788340544251461,0.08217965816972515,162.38030597681376
68,0.2698412698412698,observation,93.16015731717565,0.2,0.26813247102915616,0.0,0.2029418270159693,-17.702139622779633,-0.0021075230194501655,0.0,0.0,0.0,-17.704247145799084,1.2018453852436615,0.08217965816972515,162.38030597681376
69,0.2738095238095238,observation,96.30778780030657,0.2,0.39103730084133737,0.0,0.2029418270159693,-17.704247145799084,-0.0021077739299825734,0.0,0.0,0.0,-17.706354919729066,1.8385234923314293,0.08217965816972515,162.38030597681376
70,0.2777777777777778,observation,96.09864581962904,0.2,0.38047322088535607,0.17753139386938677,0.38047322088535607,-17.706354919729066,-0.002108024870387061,0.008530263270659632,0.00858732167582063,0.0,-34.77751974918938,1.785441548525938,0.09076697984554578,179.44083251813302
71,0.28174603174603174,observation,95.5953875715897,0.2,0.3574397689735271,0.0,0.38047322088535607,-34.77751974918938,-0.004140427371642801,0.0,0.0,0.0,-34.781660176561026,1.5898248345856416,0.09076697984554578,179.44083251813302
72,0.2857142857142857,observation,95.3687127960002,0.2,0.3458817796981979,0.0,0.38047322088535607,-34.781660176561026,-0.004140920309004163,0.0,0.0,0.0,-34.78580109687003,1.4994402323146332,0.09076697984554578,179.44083251813302
73,0.28968253968253965,observation,92.62527615316719,0.2,0.2355836446245846,0.0,0.38047322088535607,-34.78580109687003,-0.004141413305052036,0.0,0.0,0.0,-34.78994251017508,0.45149464321600163,0.09076697984554578,179.44083251813302
74,0.2936507936507936,observation,94.41484462711416,0.2,0.30187054381134165,0.0,0.38047322088535607,-34.78994251017508,-0.0041419063597934085,0.0,0.0,0.0,-34.79408441653487,1.1282356181337079,0.09076697984554578,179.44083251813302
75,0.2976190476190476,observation,94.98058383025759,0.2,0.32279473070896225,-0.057678490176393815,0.32279473070896225,-34.79408441653487,-0.004142399473235268,0.0027391683357008306,0.002755849588872375,0.0,-29.32262931294215,1.3366026671258595,0.09352282943441816,184.91916918953467
76,0.30158730158730157,observation,94.87464451833836,0.2,0.31588806387369917,0.0,0.32279473070896225,-29.32262931294215,-0.003490996997239031,0.0,0.0,0.0,-29.32612030993939,1.298915018466161,0.09352282943441816,184.91916918953467
77,0.3055555555555555,observation,95.40920617244603,0.2,0.3362808523788184,0.0,0.32279473070896225,-29.32612030993939,-0.003491412616858427,0.0,0.0,0.0,-29.32961172255625,1.4679772910343267,0.09352282943441816,184.91916918953467
78,0.30952380952380953,observation,94.51454817153606,0.2,0.2955570419508653,0.0,0.32279473070896225,-29.32961172255625,-0.0034918282859592946,0.0,0.0,0.0,-29.33310355084221,1.1756945742680145,0.09352282943441816,184.91916918953467
79,0.3134920634920635,observation,95.04115848730974,0.2,0.31530240094852413,0.0,0.32279473070896225,-29.33310355084221,-0.003492244004547524,0.0,0.0,0.0,-29.336595794846758,1.3421893653321924,0.09352282943441816,184.91916918953467
80,0.31746031746031744,observation,94.34207150263066,0.2,0.2827144950185937,-0.04008023569036856,0.2827144950185937,-29.336595794846758,-0.003492659772629008,0.0018906262306715201,0.001901008060524089,0.0,-25.56072661950702,1.1111444843672658,0.09542383749494225,188.7004216508777
81,0.3214285714285714,observation,91.27126072373642,0.2,0.16477098838415677,0.0,0.2827144950185937,-25.56072661950702,-0.003043124779965151,0.0,0.0,0.0,-25.563769744286983,0.23993864093456452,0.09542383749494225,188.7004216508777
82,0.32539682539682535,observation,90.16631427561457,0.2,0.12836086143765768,0.0,0.2827144950185937,-25.563769744286983,-0.0030434870782896192,0.0,0.0,0.0,-25.566813231365273,-0.07548922324708585,0.09542383749494225,188.7004216508777
83,0.32936507936507936,observation,91.05365552382916,0.2,0.15123513104651137,0.0,0.2827144950185937,-25.566813231365273,-0.003043849419747408,0.0,0.0,0.0,-25.56985708078502,0.17233116023132666,0.09542383749494225,188.7004216508777
84,0.3333333333333333,observation,90.55414835479706,0.2,0.13282058736161934,0.0,0.2827144950185937,-25.56985708078502,-0.003044211804343652,0.0,0.0,0.0,-25.572901292589364,0.02806903137590311,0.09542383749494225,188.7004216508777
85,0.33730158730158727,observation,92.26744241233658,0.2,0.18492119952381914,-0.09779329549477456,0.18492119952381914,-25.572901292589364,-0.0030445742320834874,0.004511568630188362,0.004533643210498548,0.0,-16.557320175074913,0.5048859528092713,0.0999574807054408,197.72355891125443
86,0.3412698412698413,observation,92.4967642332615,0.2,0.18963389562285438,0.0,0.18492119952381914,-16.557320175074913,-0.0019712268772568713,0.0,0.0,0.0,-16.55929140195217,0.5453211921344376,0.0999574807054408,197.72355891125443
87,0.34523809523809523,observation,90.8032203622918,0.2,0.12969545957724948,0.0,0.18492119952381914,-16.55929140195217,-0.00197146156109221,0.0,0.0,0.0,-16.56126286351326,0.23017756650741816,0.0999574807054408,197.72355891125443
88,0.3492063492063492,observation,91.68277109845553,0.2,0.1536249067449803,0.0,0.18492119952381914,-16.56126286351326,-0.0019716962728677633,0.0,0.0,0.0,-16.563234559786128,0.39085344740800565,0.0999574807054408,197.72355891125443
89,0.35317460317460314,observation,91.04898959572287,0.2,0.12969786274824618,0.0,0.18492119952381914,-16.563234559786128,-0.0019719310125868583,0.0,0.0,0.0,-16.565206490798715,0.2716818806740875,0.0999574807054408,197.72355891125443
90,0.3571428571428571,observation,90.78291765909042,0.2,0.11806466591190795,-0.06685653361191118,0.11806466591190795,-16.565206490798715,-0.0019721657802528217,0.003034715592931172,0.0030477494265947025,0.0,-10.500782186309554,0.2174726576192043,0.10300523013203551,203.79299009711679
91,0.3611111111111111,observation,89.4050321509527,0.2,0.0793618335999361,0.0,0.11806466591190795,-10.500782186309554,-0.0012501675306752897,0.0,0.0,0.0,-10.502032353840228,0.053542897905392905,0.10300523013203551,203.79299009711679
92,0.36507936507936506,observation,88.04495161825514,0.2,0.05036519313836201,0.0,0.11806466591190795,-10.502032353840228,-0.0012503163690024757,0.0,0.0,0.0,-10.50328267020923,-0.10828487216983795,0.10300523013203551,203.79299009711679
93,0.369047619047619,observation,88.12276764840537,0.2,0.04880615138306,0.0,0.11806466591190795,-10.50328267020923,-0.001250465225049565,0.0,0.0,0.0,-10.504533135434281,-0.10034801379261005,0.10300523013203551,203.79299009711679
94,0.373015873015873,observation,88.1760259949169,0.2,0.04681702435627357,0.0,0.11806466591190795,-10.504533135434281,-0.001250614098818667,0.0,0.0,0.0,-10.5057837495331,-0.09531069900352485,0.10300523013203551,203.79299009711679
95,0.376984126984127,observation,87.12758477972807,0.2,0.03027908768762504,-0.08778557822428291,0.030279087687625036,-10.5057837495331,-0.0012507629903118918,0.00382427270458683,0.003838412166575071,0.0,-2.862313376054338,-0.22416959649796775,0.10684364229861058,211.44153550629045
96,0.38095238095238093,observation,85.58025679477588,0.2,0.014993015028876816,0.0,0.030279087687625036,-2.862313376054338,-0.00034077187602519967,0.0,0.0,0.0,-2.8626541479303635,-0.2713620481118766,0.10684364229861058,211.44153550629045
97,0.3849206349206349,observation,85.08470079535503,0.2,0.010840909216520669,0.0,0.030279087687625036,-2.8626541479303635,-0.00034081244652054137,0.0,0.0,0.0,-2.8629949603768843,-0.28670784411898964,0.10684364229861058,211.44153550629045
98,0.38888888888888884,observation,85.62247216302322,0.2,0.012383974896973524,0.0,0.030279087687625036,-2.8629949603768843,-0.0003408530218459915,0.0,0.0,0.0,-2.8633358133987303,-0.2707654707433167,0.10684364229861058,211.44153550629045
99,0.39285714285714285,observation,85.52962125427422,0.2,0.010560804194347012,0.0,0.030279087687625036,-2.8633358133987303,-0.000340893602002125,0.0,0.0,0.0,-2.8636767070007325,-0.2739178051532054,0.10684364229861058,211.44153550629045
100,0.3968253968253968,observation,85.08620132490671,0.2,0.007472116202314475,-0.02280697148531056,0.007472116202314475,-2.8636767070007325,-0.00034093418698951706,0.0009702792837052705,0.0009732871817861487,0.0,-0.9244293530608862,-0.28865536954765947,0.10781692948039673,213.38209407370098
101,0.40079365079365076,observation,84.50923993718806,0.2,0.004755964937049542,0.0,0.007472116202314475,-0.9244293530608862,-0.00011005766438109938,0.0,0.0,0.0,-0.9245394107252674,-0.29307654974532293,0.10781692948039673,213.38209407370098
102,0.40476190476190477,observation,83.32794749277454,0.2,0.0020020261149004703,0.0,0.007472116202314475,-0.9245394107252674,-0.00011007076726391991,0.0,0.0,0.0,-0.9246494814925312,-0.30201337492616076,0.10781692948039673,213.38209407370098
103,0.4087301587301587,observation,82.43845478807631,0.2,0.0009022923565574483,0.0,0.007472116202314475,-0.9246494814925312,-0.00011008387170670031,0.0,0.0,0.0,-0.924759565364238,-0.3087698516484837,0.10781692948039673,213.38209407370098
104,0.4126984126984127,observation,82.91155913294381,0.2,0.0009764744554634915,0.0,0.007472116202314475,-0.924759565364238,-0.00011009697770962628,0.0,0.0,0.0,-0.9248696623419476,-0.30534485798552347,0.10781692948039673,213.38209407370098
105,0.41666666666666663,observation,81.53129963549091,0.2,0.00026571979985682426,-0.007206396402457651,0.0002657197998568242,-0.9248696623419476,-0.00011011008527288356,0.0002937734321904492,0.00029450878457841436,0.0,-0.3377266814785125,-0.3160622008573031,0.10811143826497514,213.96964093808188
106,0.4206349206349206,observation,80.55466689451589,0.2,8.249620926409026e-05,0.0,0.0002657197998568242,-0.3377266814785125,-4.0207950601776775e-05,0.0,0.0,0.0,-0.33776688942911426,-0.31636191946437037,0.10811143826497514,213.96964093808188
107,0.4246031746031746,observation,80.42509470367753,0.2,4.846690534153892e-05,0.0,0.0002657197998568242,-0.33776688942911426,-4.02127375474943e-05,0.0,0.0,0.0,-0.33780710216666177,-0.31643656209853444,0.10811143826497514,213.96964093808188
108,0.42857142857142855,observation,79.99015540992907,0.2,1.9772625629565928e-05,0.0,0.0002657197998568242,-0.33780710216666177,-4.0217525063120225e-05,0.0,0.0,0.0,-0.3378473196917249,-0.3165923516056823,0.10811143826497514,213.96964093808188
109,0.4325396825396825,observation,77.76022287418967,0.2,8.879548206646973e-07,0.0,0.0002657197998568242,-0.3378473196917249,-4.0222313148722416e-05,0.0,0.0,0.0,-0.3378875420048736,-0.3172251111459219,0.10811143826497514,213.96964093808188
110,0.4365079365079365,observation,76.13931936845397,0.2,4.4872517396174544e-08,-0.00026567492733942804,4.4872517396157656e-08,-0.3378875420048736,-4.022710180436873e-05,1.0114154070443757e-05,1.0133437485142679e-05,0.0,-0.31770957511986087,-0.31770615855692796,0.10812157170246028,213.98986924622278
111,0.44047619047619047,observation,75.82324221669452,0.2,1.0057610771147804e-08,0.0,4.4872517396157656e-08,-0.31770957511986087,-3.782481989935289e-05,0.0,0.0,0.0,-0.3177473999397602,-0.3177439975600048,0.10812157170246028,213.98986924622278
112,0.4444444444444444,observation,75.67971149896309,0.2,2.423416492132203e-09,0.0,4.4872517396157656e-08,-0.3177473999397602,-3.7829323122146464e-05,0.0,0.0,0.0,-0.31778522926288233,-0.31778183332371157,0.10812157170246028,213.98986924622278
113,0.4484126984126984,observation,75.65707803282066,0.2,5.852977534022068e-10,0.0,4.4872517396157656e-08,-0.31778522926288233,-3.783382688106991e-05,0.0,0.0,0.0,-0.3178230630897634,-0.3178196681662132,0.10812157170246028,213.98986924622278
114,0.45238095238095233,observation,75.33377265559425,0.2,6.16039397969296e-11,0.0,4.4872517396157656e-08,-0.3178230630897634,-3.7838331176187046e-05,0.0,0.0,0.0,-0.3178609014209396,-0.3178575210049156,0.10812157170246028,213.98986924622278
115,0.45634920634920634,observation,76.87820291039225,0.2,2.1800160869021222e-10,-4.4654515787467446e-08,2.1800160869021017e-10,-0.3178609014209396,-3.784283600756171e-05,1.7164794627871182e-09,1.7187287059094808e-09,0.0,-0.317895313014501,-0.3178952962549291,0.10812157342118899,213.9898726791817
116,0.4603174603174603,observation,77.06622731449811,0.2,4.325465124223595e-11,0.0,2.1800160869021017e-10,-0.317895313014501,-3.784693286969884e-05,0.0,0.0,0.0,-0.3179331599473707,-0.31793314314680915,0.10812157342118899,213.9898726791817
117,0.46428571428571425,observation,76.05753268508684,0.2,3.154091571236454e-13,0.0,2.1800160869021017e-10,-0.3179331599473707,-3.785143872514559e-05,0.0,0.0,0.0,-0.31797101138609585,-0.3179709948054314,0.10812157342118899,213.9898726791817
118,0.46825396825396826,observation,75.12860542134217,0.2,7.290860955601001e-16,0.0,2.1800160869021017e-10,-0.31797101138609585,-3.7855945117035634e-05,0.0,0.0,0.0,-0.31800886733121286,-0.31800885095305603,0.10812157342118899,213.9898726791817
119,0.4722222222222222,observation,74.48999583783059,0.2,7.24897117409678e-19,0.0,2.1800160869021017e-10,-0.31800886733121286,-3.786045204543284e-05,0.0,0.0,0.0,-0.3180467277832583,-0.3180467115443194,0.10812157342118899,213.9898726791817
120,0.47619047619047616,observation,74.70581054844668,0.2,2.4632089047013325e-21,-2.1800160868774696e-10,2.463214617212205e-21,-0.3180467277832583,-3.786495951040107e-05,8.142993438941716e-12,8.1488119406156e-12,0.0,-0.31808457646492483,-0.31808457646492483,0.1081215734293378,213.98987269546768
121,0.4801587301587301,observation,74.59090363677177,0.2,1.6863707633558642e-25,0.0,2.463214617212205e-21,-0.31808457646492483,-3.786946557405032e-05,0.0,0.0,0.0,-0.3181224459304989,-0.3181224459304989,0.1081215734293378,213.98987269546768
122,0.4841269841269841,observation,72.95257640172913,0.2,4.5648071475463746e-36,0.0,2.463214617212205e-21,-0.3181224459304989,-3.7873974112121554e-05,0.0,0.0,0.0,-0.318160319904611,-0.318160319904611,0.1081215734293378,213.98987269546768
123,0.4880952380952381,observation,73.87956099114548,0.2,6.749526820164906e-44,0.0,2.463214617212205e-21,-0.318160319904611,-3.787848318695546e-05,0.0,0.0,0.0,-0.318198198387798,-0.318198198387798,0.1081215734293378,213.98987269546768
124,0.49206349206349204,observation,73.7058065962343,0.2,7.3211146679322e-66,0.0,2.463214617212205e-21,-0.318198198387798,-3.788299279861594e-05,0.0,0.0,0.0,-0.3182360813805966,-0.3182360813805966,0.1081215734293378,213.98987269546768
125,0.496031746031746,observation,73.20958233746532,0.2,2.1881498364227014e-135,-2.463214617212205e-21,0.0,-0.3182360813805966,-3.788750294716691e-05,9.016545666682251e-23,9.017619128871194e-23,0.0,-0.31827396888354376,-0.31827396888354376,0.1081215734293378,213.98987269546768
126,0.5,settlement,74.0136249940301,,0.0,0.0,0.0,-0.31827396888354376,-3.7892013632672284e-05,0.0,0.0,0.0,-0.31831186089717645,-0.31831186089717645,0.1081215734293378,213.98987269546768
