replicate,seed,scenario,method,n,mean_pnl,bias_squared,variance_pnl,mse,rmse,es90,es_alpha,mean_cost,gross_mse,test_budget_exceeded,position_violation_fraction,position_min,position_max
0,18101,matched_heston,convex_cvar,4096,-0.09595980273930499,0.009208283741766325,0.254571429247801,0.26377971298956737,0.5135948919036942,1.075235086256363,0.9,0.11878109254263007,0.24676228599522615,False,0.0,0.0020708799337071384,0.9775845543444273
0,18101,matched_heston,validation_selected_band,4096,-0.06304637834451923,0.0039748458223602635,0.30811883896119796,0.31209368478355826,0.558653456790127,1.097824353126851,0.9,0.09458479852306258,0.30620730538557084,False,0.0,0.05,0.95
0,18101,matched_heston,daily,4096,-0.10047425659131841,0.01009507623757809,0.2554565161239385,0.2655515923615166,0.5153169824113277,1.1135099842610094,0.9,0.12326085292090389,0.25090043108355337,False,0.0,1.4496114091516362e-91,1.0
0,18101,shifted_heston,convex_cvar,4096,-1.2487248874874934,1.5593138446306531,0.7907771123938444,2.3500909570244977,1.53300063829879,3.186566780929477,0.9,0.1320562769472251,1.9952491469207332,False,0.0,0.0020708786016830796,0.9775845252215943
0,18101,shifted_heston,validation_selected_band,4096,-1.2111768188175907,1.466949286441099,0.7680953619125568,2.2350446483536555,1.4950065713412952,3.0872619824158396,0.9,0.10782464463708635,1.9596131313387617,False,0.0,0.05,0.95
0,18101,shifted_heston,daily,4096,-1.2558029190363822,1.5770409714602982,0.8669681779408959,2.444009149401194,1.5633327059206539,3.299372406623944,0.9,0.13725520359117066,2.076503869138066,False,0.0,5.780333731064333e-209,1.0
1,18102,matched_heston,convex_cvar,4096,-0.08790837987215654,0.007727883251747376,0.2621612239633585,0.26988910721510584,0.5195085246799188,1.0475756634325064,0.9,0.11375182399174379,0.2599668846706336,False,0.0007905505952380952,-0.00020367795539158288,0.944164400441048
1,18102,matched_heston,validation_selected_band,4096,-0.07025611215697097,0.0049359212954128845,0.3032322876686647,0.3081682089640776,0.5551290020923764,1.060524272679033,0.9,0.09353339310747885,0.3022225621701339,False,0.0,0.05,0.95
1,18102,matched_heston,daily,4096,-0.09804459938545984,0.009612743468655312,0.23974797216661548,0.2493607156352708,0.499360306427404,1.0330792282481946,0.9,0.12189952064325674,0.23645886874533428,False,0.0,4.4349761511517826e-69,1.0
1,18102,shifted_heston,convex_cvar,4096,-1.227518270760919,1.5068011050518766,0.7580073824795724,2.2648084875314494,1.504928067228281,3.0598126172945803,0.9,0.12606188719527894,1.938512211941597,False,0.0006045386904761905,-0.00020366735645511178,0.9441639380633277
1,18102,shifted_heston,validation_selected_band,4096,-1.2152874080818696,1.4769234842423486,0.7554957126989901,2.232419196941339,1.4941282397911295,3.0479149548960813,0.9,0.1068090785474282,1.9586437051734809,False,0.0,0.05,0.95
1,18102,shifted_heston,daily,4096,-1.2401608933312374,1.5379990413481326,0.8352436170019855,2.373242658350118,1.540533238313967,3.235206463627959,0.9,0.1358572559208982,2.012192698745812,False,0.0,2.602773850919344e-156,1.0
2,18103,matched_heston,convex_cvar,4096,-0.1017320965336663,0.010349419465135198,0.25354774952944326,0.26389716899457843,0.5137092261139354,1.0411594393788999,0.9,0.1163683896110947,0.25191300057300503,False,0.0,0.049658702978951405,0.9990817106899086
2,18103,matched_heston,validation_selected_band,4096,-0.0753535383091724,0.005678155735711911,0.2868391103362168,0.29251726607192874,0.5408486535731866,1.0374250023128795,0.9,0.09422629809145516,0.2857333436071369,False,0.0,0.05,0.95
2,18103,matched_heston,daily,4096,-0.10392014859799366,0.010799397284629083,0.22961949356929345,0.24041889085392254,0.49032529085691934,1.0401532495452184,0.9,0.12247909938357612,0.22613739751208684,False,0.0,3.8398487549819424e-134,1.0
2,18103,shifted_heston,convex_cvar,4096,-1.2553616427052874,1.5759328539757176,0.7526862756114661,2.3286191295871843,1.5259813660681392,3.08868153080237,0.9,0.1290410498741726,1.9905347766548491,False,0.0,0.04965876126774539,0.9990817067021442
2,18103,shifted_heston,validation_selected_band,4096,-1.2263438430060916,1.5039192212789494,0.7361148442926279,2.240034065571577,1.4966743351750162,3.0647158407825055,0.9,0.1076018190928312,1.9623751027053915,False,0.0,0.05,0.95
2,18103,shifted_heston,daily,4096,-1.2556501103416555,1.5766571996010117,0.8352150066083185,2.4118722062093303,1.553020349579918,3.2585408092168833,0.9,0.1365619105002027,2.0451369262227357,False,0.0,4.039676544136565e-306,1.0
3,18104,matched_heston,convex_cvar,4096,-0.10046386722991865,0.010092988618790722,0.26037157232484104,0.2704645609436318,0.520062074125418,1.0499962241166687,0.9,0.11676576696453722,0.2533191971463387,False,0.0006975446428571429,0.04291350711455786,1.000097052559033
3,18104,matched_heston,validation_selected_band,4096,-0.07390526071487728,0.005461987561333983,0.29854548829058114,0.3040074758519151,0.5513687294831973,1.0753898342625101,0.9,0.09430760964349391,0.2975693233146033,False,0.0,0.05,0.95
3,18104,matched_heston,daily,4096,-0.10146321610270567,0.010294784221904352,0.2421145461169729,0.25240933033887725,0.5024035532705529,1.0641942525083512,0.9,0.12262462860865175,0.23852344019187355,False,0.0,2.9122426212193804e-78,1.0
3,18104,shifted_heston,convex_cvar,4096,-1.2606172939870826,1.5891559618993145,0.7851521401939368,2.3743081020932513,1.540879003067162,3.1417031322760987,0.9,0.129778268121155,2.026059444082049,False,0.0005696614583333334,0.04291359341047795,1.0000970421884472
3,18104,shifted_heston,validation_selected_band,4096,-1.231873084413706,1.5175112961029378,0.7712666467362927,2.2887779428392303,1.5128707621073356,3.104293206333137,0.9,0.10765771199849714,2.010250614719395,False,0.0,0.05,0.95
3,18104,shifted_heston,daily,4096,-1.258223222568287,1.583125677810125,0.8729972468119567,2.456122924622082,1.5672022602785136,3.313295634452653,0.9,0.13664564291895986,2.088754468788504,False,0.0,4.0752521965622135e-175,1.0
4,18105,matched_heston,convex_cvar,4096,-0.10150225463080996,0.010302707695137782,0.2619262219184759,0.27222892961361367,0.5217556225031156,1.059796093829084,0.9,0.11766626139933187,0.2608585222828158,False,0.00045340401785714287,-3.3598268095663426e-05,0.9554815097071219
4,18105,matched_heston,validation_selected_band,4096,-0.07738812337428305,0.005988921639393255,0.3036869851187509,0.30967590675814416,0.5564853158513207,1.0802016425418264,0.9,0.09451665794120231,0.3014028247674533,False,0.0,0.05,0.95
4,18105,matched_heston,daily,4096,-0.10663669652258495,0.011371385045249881,0.24457671240166703,0.25594809744691693,0.5059131323131639,1.0704265790059202,0.9,0.12297870079002879,0.23981209210392834,False,0.0,3.485358734225266e-101,1.0
4,18105,shifted_heston,convex_cvar,4096,-1.2519183984147166,1.5672996762892693,0.7800144250980362,2.347314101387305,1.5320946776838908,3.1379837639687342,0.9,0.13031069329188388,2.0059940374261602,False,0.0003255208333333333,-3.35973983139593e-05,0.955481506679631
4,18105,shifted_heston,validation_selected_band,4096,-1.2270767516651695,1.505717354477144,0.7758597010409443,2.2815770555180883,1.5104890120481143,3.0965660730989444,0.9,0.10788291015177799,2.0014236202166886,False,0.0,0.05,0.95
4,18105,shifted_heston,daily,4096,-1.2579413147570602,1.5824163513727212,0.8731954854825292,2.45561183685525,1.5670391944221593,3.3068331148488914,0.9,0.13708093012324646,2.0856204790699655,False,0.0,6.038642189765584e-229,1.0
5,18106,matched_heston,convex_cvar,4096,-0.10208643275383722,0.01042163975240373,0.2494462995126208,0.2598679392650245,0.5097724387067474,1.0438542295812507,0.9,0.1186730524483461,0.24545752016761396,False,2.3251488095238094e-05,-0.0014654545000640931,0.9873434804060598
5,18106,matched_heston,validation_selected_band,4096,-0.07926132901827158,0.006282358277742701,0.30561831962580543,0.31190067790354814,0.5584806871356861,1.0712218383986922,0.9,0.09381759226941887,0.3040605968367191,False,0.0,0.05,0.95
5,18106,matched_heston,daily,4096,-0.10474355146968603,0.010971211574482767,0.24674850001559775,0.25771971159008056,0.5076610203571676,1.0634413250985142,0.9,0.12204396469207404,0.24322606453034523,False,0.0,4.574212757276265e-131,1.0
5,18106,shifted_heston,convex_cvar,4096,-1.2453941787022957,1.5510066603455657,0.7964635921185247,2.3474702524640905,1.5321456368322466,3.193554910346291,0.9,0.13169851930500764,1.9974466892183105,False,0.0016159784226190475,-0.007597340897317409,0.9873434589111739
5,18106,shifted_heston,validation_selected_band,4096,-1.2241616737638688,1.4985718035123565,0.7634122507076002,2.2619840542199574,1.5039893796898824,3.0875190476471834,0.9,0.10695606963871973,1.9864815784376124,False,0.0,0.05,0.95
5,18106,shifted_heston,daily,4096,-1.2485864594593807,1.5589681467453118,0.8459490560154777,2.4049172027607897,1.5507795467959944,3.2807789033354147,0.9,0.13583070592182978,2.0433496137736737,False,0.0,3.57733871145632e-298,1.0
6,18107,matched_heston,convex_cvar,4096,-0.0903117232768319,0.008156207361231061,0.2546257827364914,0.2627819900977224,0.5126226585878958,1.0409202937915263,0.9,0.11680900562828012,0.24510736439612918,False,0.0002673921130952381,0.029065050945670284,1.000007059740038
6,18107,matched_heston,validation_selected_band,4096,-0.07115692837151864,0.005063308455269435,0.2963056991306294,0.30136900758589885,0.5489708622376044,1.057988105549852,0.9,0.09363261180011026,0.2945100901113882,False,0.0,0.05,0.95
6,18107,matched_heston,daily,4096,-0.09979878155095213,0.009959796799054664,0.23980189806917257,0.24976169486822725,0.4997616380518089,1.0512637137851004,0.9,0.12193216255006609,0.23543740593866336,False,0.0,2.370859351652197e-78,1.0
6,18107,shifted_heston,convex_cvar,4096,-1.2308641542430636,1.5150265662004923,0.820844166461469,2.335870732661961,1.5283555648676657,3.169664374068738,0.9,0.13012057910468633,1.9849600574341113,False,0.00016276041666666666,0.02906499741014374,1.000007048662494
6,18107,shifted_heston,validation_selected_band,4096,-1.2136813349042899,1.473022382695059,0.7674465526748553,2.2404689353699148,1.4968196068230515,3.082931333972968,0.9,0.10693131045002913,1.9647925278448184,False,0.0,0.05,0.95
6,18107,shifted_heston,daily,4096,-1.2424477629752335,1.543676443722162,0.858529156507497,2.402205600229659,1.5499050294226606,3.286902525160589,0.9,0.13597422263944656,2.0381158448368453,False,0.0,6.908864131392529e-177,1.0
7,18108,matched_heston,convex_cvar,4096,-0.09172767596004416,0.008413966537030864,0.23385647928880995,0.2422704458258408,0.4922097579547167,1.0066240922581227,0.9,0.1171994419565906,0.22866725248732736,False,0.0,0.008398035255550442,0.9741446507601228
7,18108,matched_heston,validation_selected_band,4096,-0.06390469953765306,0.004083810622997714,0.2832068448054046,0.2872906554284024,0.5359950143689793,1.0383628459683523,0.9,0.09445692954735485,0.2820382545771495,False,0.0,0.05,0.95
7,18108,matched_heston,daily,4096,-0.09528170370624206,0.009078603061164103,0.2263815939065259,0.23546019696769002,0.48524241052044287,1.0257647910835959,0.9,0.12293421653233783,0.22317319867751195,False,0.0,9.401079229175226e-88,1.0
7,18108,shifted_heston,convex_cvar,4096,-1.234031493921697,1.5228337279906152,0.7409665799656058,2.2638003079562212,1.5045930705530386,3.070135151215276,0.9,0.13001578778247663,1.9202565724716956,False,0.0,0.008398013157504419,0.9741447106234202
7,18108,shifted_heston,validation_selected_band,4096,-1.2046853102220563,1.451266696664812,0.7251821707088654,2.1764488673736775,1.4752792506416124,3.0234995491724503,0.9,0.10771146471187262,1.9027676497190094,False,0.0,0.05,0.95
7,18108,shifted_heston,daily,4096,-1.237789395835092,1.5321225884418022,0.8146854489049153,2.3468080373467175,1.5319295144838478,3.211405668661217,0.9,0.1368525835662972,1.9851411401188452,False,0.0,3.4102450178193637e-199,1.0
