cash_after,cash_before,cumulative_cost,cumulative_turnover,desired_delta,event,fee,interest,method,payoff,position,scenario,spot,step,terminal_value_fee,time,trade,wealth
-46.292315769095374,2.3029744678024286,0.02428550236726527,48.57100473453054,,entry,0.02428550236726527,0.0,convex_cvar,0.0,0.4857100473453054,matched_heston,100.0,0,0.02428550236726527,0.0,0.4857100473453054,2.2786889654351654
-42.40806440685828,-46.292315769095374,0.026228599596998685,52.45719919399737,,observation,0.0019430972297334132,-0.0,convex_cvar,0.0,0.4466263435386438,matched_heston,99.43260440952494,1,0.0019430972297334132,0.003968253968253968,-0.039083703806661596,2.001156129092273
-44.42496223305816,-42.40806440685828,0.027236544537628308,54.47308907525662,,observation,0.0010079449406296239,-0.0,convex_cvar,0.0,0.4668367848612661,matched_heston,99.74497088308422,2,0.0010079449406296239,0.007936507936507936,0.02021044132262234,2.1396592800814815
-45.71087257112855,-44.42496223305816,0.027879178389737448,55.7583567794749,,observation,0.0006426338521091407,-0.0,convex_cvar,0.0,0.4796973640026103,matched_heston,99.93855565076397,3,0.0006426338521091407,0.011904761904761904,0.012860579141344197,2.229389136771104
-44.46539130072577,-45.71087257112855,0.028502230551019477,57.00446110203896,,observation,0.0006230521612820282,-0.0,convex_cvar,0.0,0.46720872145031966,matched_heston,99.77900459129543,4,0.0006230521612820282,0.015873015873015872,-0.012488642552290652,2.1522298619589435
-40.60380217638072,-44.46539130072577,0.0304339909934132,60.86798198682641,,observation,0.0019317604423937237,-0.0,convex_cvar,0.0,0.4282939276349041,matched_heston,99.28154580783017,5,0.0019317604423937237,0.01984126984126984,-0.03891479381541557,1.9178810193195162
-31.148403360301913,-40.60380217638072,0.035164055433672736,70.32811086734547,,observation,0.004730064440259533,-0.0,convex_cvar,0.0,0.33180218409570866,matched_heston,98.04081192373017,6,0.004730064440259533,0.023809523809523808,-0.09649174353919543,1.381752166508356
-23.05201513139356,-31.148403360301913,0.03921427465773895,78.4285493154779,,observation,0.00405021922406621,-0.0,convex_cvar,0.0,0.2482362583624004,matched_heston,96.9347060664906,7,0.00405021922406621,0.027777777777777776,-0.08356592573330826,1.0106936080111453
-20.84818910434836,-23.05201513139356,0.04031673890338437,80.63347780676874,,observation,0.0011024642456454225,-0.0,convex_cvar,0.0,0.22543754198761154,matched_heston,96.71283483876687,8,0.0011024642456454225,0.031746031746031744,-0.022798716374788863,0.9545146603570842
-16.65663266762792,-20.84818910434836,0.04241356553506043,84.82713107012086,,observation,0.0020968266316760574,-0.0,convex_cvar,0.0,0.18182603702026884,matched_heston,96.15933379259484,9,0.0020968266316760574,0.03571428571428571,-0.0436115049673427,0.8276379183888167
-22.663510744396145,-16.65663266762792,0.045415503604409865,90.83100720881973,,observation,0.0030019380693494377,-0.0,convex_cvar,0.0,0.2435625543088364,matched_heston,97.24999728500528,10,0.0030019380693494377,0.03968253968253968,0.06173651728856755,1.0229470008671449
-18.91222102272199,-22.663510744396145,0.04729208675682315,94.58417351364629,,observation,0.0018765831524132836,-0.0,convex_cvar,0.0,0.20481471188291525,matched_heston,96.86129781295416,11,0.0018765831524132836,0.04365079365079365,-0.038747842425921136,0.9263977814434661
-25.46440499223325,-18.91222102272199,0.05056654151420009,101.13308302840018,,observation,0.003274454757376941,-0.0,convex_cvar,0.0,0.27173087548173497,matched_heston,97.86737856067698,12,0.003274454757376941,0.047619047619047616,0.06691616359881972,1.129183465161887
-36.785385819044365,-25.46440499223325,0.05622420309681434,112.44840619362867,,observation,0.005657661582614249,-0.0,convex_cvar,0.0,0.38585930705955246,matched_heston,99.14552411520036,13,0.005657661582614249,0.051587301587301584,0.11412843157781749,1.470837414102995
-34.177322634156205,-36.785385819044365,0.05752888703122563,115.05777406245124,,observation,0.001304683934411286,-0.0,convex_cvar,0.0,0.3594947263382965,matched_heston,98.97247737070273,14,0.001304683934411286,0.05555555555555555,-0.02636458072125597,1.4027610332478133
-64.62679889026921,-34.177322634156205,0.0727460165945005,145.49203318900098,,observation,0.015217129563274867,-0.0,convex_cvar,0.0,0.6593536625476464,matched_heston,101.49525477307007,15,0.015217129563274867,0.05952380952380952,0.2998589362093499,2.2944690755610253
-50.506260306576884,-64.62679889026921,0.07980981778694289,159.61963557388574,,observation,0.007063801192442385,-0.0,convex_cvar,0.0,0.51851072474077,matched_heston,100.30749574576835,16,0.007063801192442385,0.06349206349206349,-0.1408429378068764,1.5042520094931646
-38.98355207434487,-50.506260306576884,0.08557405402117602,171.148108042352,,observation,0.005764236234233124,-0.0,convex_cvar,0.0,0.4026828134593341,matched_heston,99.53103997925545,17,0.005764236234233124,0.06746031746031746,-0.11582791128143588,1.0958871310351768
-37.98661393754857,-38.98355207434487,0.08607277244878797,172.14554489757592,,observation,0.0004987184276119576,-0.0,convex_cvar,0.0,0.3926626294234528,matched_heston,99.54276804220288,18,0.0004987184276119576,0.07142857142857142,-0.010020184035881285,1.100111101991665
-61.728553506034146,-37.98661393754857,0.09793780971439796,195.8756194287959,,observation,0.011865037265609986,-0.0,convex_cvar,0.0,0.6282773043587342,matched_heston,100.71560499250798,19,0.011865037265609986,0.07539682539682539,0.23561467493528138,1.548775305517836
-62.34803462493737,-61.728553506034146,0.09824739548096628,196.49479096193255,,observation,0.00030958576656832945,-0.0,convex_cvar,0.0,0.6344364636111721,matched_heston,100.52857991804275,20,0.00030958576656832945,0.07936507936507936,0.006159159252437929,1.4309621101187702
0.6661087510664458,-62.34803462493737,0.13031409451312506,260.62818902625014,,settlement,0.03206669903215879,-0.0,convex_cvar,1.0871879892816025,0.0,matched_heston,101.0871879892816,21,0.03206669903215879,0.08333333333333333,-0.6344364636111721,0.6661087510664458
-48.87408850971573,2.3029744678024286,0.025575743616950607,51.151487233901214,0.5115148723390122,entry,0.025575743616950607,0.0,validation_selected_band,0.0,0.5115148723390122,matched_heston,100.0,0,0.025575743616950607,0.0,0.5115148723390122,2.277398724185481
-48.87408850971573,-48.87408850971573,0.025575743616950607,51.151487233901214,0.47097559461598326,observation,0.0,-0.0,validation_selected_band,0.0,0.5115148723390122,matched_heston,99.43260440952494,1,0.0,0.003968253968253968,0.0,1.987167441157915
-48.87408850971573,-48.87408850971573,0.025575743616950607,51.151487233901214,0.49240464740011297,observation,0.0,-0.0,validation_selected_band,0.0,0.5115148723390122,matched_heston,99.74497088308422,2,0.0,0.007936507936507936,0.0,2.1469475380035803
-48.87408850971573,-48.87408850971573,0.025575743616950607,51.151487233901214,0.5060746213209775,observation,0.0,-0.0,validation_selected_band,0.0,0.5115148723390122,matched_heston,99.93855565076397,3,0.0,0.011904761904761904,0.0,2.245969025730062
-48.87408850971573,-48.87408850971573,0.025575743616950607,51.151487233901214,0.49337106211929405,observation,0.0,-0.0,validation_selected_band,0.0,0.5115148723390122,matched_heston,99.77900459129543,4,0.0,0.015873015873015872,0.0,2.164356285914458
-48.03718470747109,-48.87408850971573,0.025994404848688795,51.98880969737759,0.45308105458704945,observation,0.00041866123173818926,-0.0,validation_selected_band,0.0,0.5030810545870494,matched_heston,99.28154580783017,5,0.00041866123173818926,0.01984126984126984,-0.008433817751962724,1.9094800585645686
-38.089328147053806,-48.03718470747109,0.030970821337141664,61.94164267428333,0.3515638110880009,observation,0.004976416488452869,-0.0,validation_selected_band,0.0,0.4015638110880009,matched_heston,98.04081192373017,6,0.004976416488452869,0.023809523809523808,-0.10151724349904856,1.2803139312011993
-29.422568768722606,-38.089328147053806,0.035306368800038714,70.61273760007742,0.2621108661350723,observation,0.00433554746289705,-0.0,validation_selected_band,0.0,0.3121108661350723,matched_heston,96.9347060664906,7,0.00433554746289705,0.027777777777777776,-0.0894529449529286,0.8318063002384228
-27.08194070186208,-29.422568768722606,0.03647726828321056,72.95453656642113,0.2378969242084626,observation,0.0011708994831718478,-0.0,validation_selected_band,0.0,0.2878969242084626,matched_heston,96.71283483876687,8,0.0011708994831718478,0.031746031746031744,-0.024213941926609694,0.7613869796999424
-22.54028698790438,-27.08194070186208,0.03874923112160861,77.49846224321722,0.19064279403117945,observation,0.002271962838398049,-0.0,validation_selected_band,0.0,0.24064279403117944,matched_heston,96.15933379259484,9,0.002271962838398049,0.03571428571428571,-0.04725413017728314,0.5997637681224504
-22.54028698790438,-22.54028698790438,0.03874923112160861,77.49846224321722,0.2589943702247393,observation,0.0,-0.0,validation_selected_band,0.0,0.24064279403117944,matched_heston,97.24999728500528,10,0.0,0.03968253968253968,0.0,0.862224078283905
-22.54028698790438,-22.54028698790438,0.03874923112160861,77.49846224321722,0.21754362387858878,observation,0.0,-0.0,validation_selected_band,0.0,0.24064279403117944,matched_heston,96.86129781295416,11,0.0,0.04365079365079365,0.0,0.7686863512910804
-22.542434567141555,-22.54028698790438,0.0387503043746007,77.5006087492014,0.2906647268346912,observation,1.073252992091152e-06,-0.0,validation_selected_band,0.0,0.2406647268346912,matched_heston,97.86737856067698,12,1.073252992091152e-06,0.047619047619047616,2.1932803511759413e-05,1.0107913601910852
-34.55527576586219,-22.542434567141555,0.04475372326451606,89.50744652903214,0.4117679020610342,observation,0.006003418889915363,-0.0,validation_selected_band,0.0,0.3617679020610342,matched_heston,99.14552411520036,13,0.006003418889915363,0.051587301587301584,0.12110317522634301,1.3123924920355208
-34.55527576586219,-34.55527576586219,0.04475372326451606,89.50744652903214,0.3846904664626152,observation,0.0,-0.0,validation_selected_band,0.0,0.3617679020610342,matched_heston,98.97247737070273,14,0.0,0.05555555555555555,0.0,1.2497897343201174
-62.8269454706428,-34.55527576586219,0.05888249373167278,117.76498746334559,0.6901803361939753,observation,0.014128770467156724,-0.0,validation_selected_band,0.0,0.6401803361939753,matched_heston,101.49525477307007,15,0.014128770467156724,0.05952380952380952,0.2784124341329411,2.1483208520743773
-58.69566857543912,-62.8269454706428,0.06094916551516636,121.89833103033276,0.5489736094557939,observation,0.0020666717834935838,-0.0,validation_selected_band,0.0,0.5989736094557939,matched_heston,100.30749574576835,16,0.0020666717834935838,0.06349206349206349,-0.041206726738181376,1.3858742068754424
-46.954700093151764,-58.69566857543912,0.06682258646678585,133.64517293357173,0.4309517149223169,observation,0.005873420951619487,-0.0,validation_selected_band,0.0,0.48095171492231686,matched_heston,99.53103997925545,17,0.005873420951619487,0.06746031746031746,-0.11802189453347706,0.914924272872824
-45.973769182235635,-46.954700093151764,0.06731329727764934,134.6265945552987,0.4210924188526024,observation,0.0004907108108634953,-0.0,validation_selected_band,0.0,0.4710924188526024,matched_heston,99.54276804220288,18,0.0004907108108634953,0.07142857142857142,-0.009859296069714474,0.9200741940492492
-59.84706565080374,-45.973769182235635,0.07424647892111166,148.49295784222335,0.6587708182223538,observation,0.006933181643462321,-0.0,validation_selected_band,0.0,0.6087708182223538,matched_heston,100.71560499250798,19,0.006933181643462321,0.07539682539682539,0.1376783993697514,1.4656556082447167
-60.42204682063923,-59.84706565080374,0.07453382583257367,149.06765166514737,0.6644875390135214,observation,0.0002873469114620135,-0.0,validation_selected_band,0.0,0.6144875390135214,matched_heston,100.52857991804275,20,0.0002873469114620135,0.07936507936507936,0.005716720791167584,1.3515128537229657
0.5765241547233444,-60.42204682063923,0.1055922345192391,211.1844690384782,0.0,settlement,0.03105840868666542,-0.0,validation_selected_band,1.0871879892816025,0.0,matched_heston,101.0871879892816,21,0.03105840868666542,0.08333333333333333,-0.6144875390135214,0.5765241547233444
-46.292315769095374,2.3029744678024286,0.02428550236726527,48.57100473453054,,entry,0.02428550236726527,0.0,convex_cvar,0.0,0.4857100473453054,shifted_heston,100.0,0,0.02428550236726527,0.0,0.4857100473453054,2.2786889654351654
-40.49085136514375,-46.292315769095374,0.027187685660887896,54.375371321775795,,observation,0.0029021832936226262,-0.0,convex_cvar,0.0,0.4271656371248287,shifted_heston,99.14467607387559,1,0.0029021832936226262,0.003968253968253968,-0.058544410220476684,1.8603473574880738
-43.48189796611609,-40.49085136514375,0.028682461573417802,57.36492314683561,,observation,0.0014947759125299054,-0.0,convex_cvar,0.0,0.4571792309438473,shifted_heston,99.6065930353675,2,0.0014947759125299054,0.007936507936507936,0.030013593819018636,2.056167634730002
-45.394135289015715,-43.48189796611609,0.0296381024144471,59.2762048288942,,observation,0.0009556408410292981,-0.0,convex_cvar,0.0,0.47631281663465846,shifted_heston,99.89145332944493,3,0.0009556408410292981,0.011904761904761904,0.01913358569081114,2.1854442040617315
-43.521204512120846,-45.394135289015715,0.030575036269822223,61.15007253964444,,observation,0.0009369338553751207,-0.0,convex_cvar,0.0,0.457507909162534,shifted_heston,99.64780276254882,4,0.0009369338553751207,0.015873015873015872,-0.018804907472124488,2.068453382413445
-37.79412581451573,-43.521204512120846,0.033440008104542146,66.88001620908427,,observation,0.002864971834719919,-0.0,convex_cvar,0.0,0.3995708628650479,shifted_heston,98.8994785826433,5,0.002864971834719919,0.01984126984126984,-0.05793704629748608,1.7232241796543732
-24.571265840524745,-37.79412581451573,0.04005474546021547,80.10949092043093,,observation,0.006614737355673328,-0.0,convex_cvar,0.0,0.26325442153265555,shifted_heston,97.04973649574718,6,0.006614737355673328,0.023809523809523808,-0.13631644133239235,0.9775064005598288
-14.779082605318942,-24.571265840524745,0.0449532863482624,89.90657269652478,,observation,0.004898540888046924,-0.0,convex_cvar,0.0,0.16057141366489697,shifted_heston,95.41093487163063,7,0.004898540888046924,0.027777777777777776,-0.10268300786775858,0.541186086108203
-12.434470265390406,-14.779082605318942,0.0461261789645348,92.25235792906959,,observation,0.001172892616272404,-0.0,convex_cvar,0.0,0.13589966578169,shifted_heston,95.07981532761552,8,0.001172892616272404,0.031746031746031744,-0.024671747883206974,0.4868448602173494
-8.511651590447698,-12.434470265390406,0.048088569497272526,96.17713899454503,,observation,0.0019623905327377225,-0.0,convex_cvar,0.0,0.09426308610223458,shifted_heston,94.26281158757226,9,0.0019623905327377225,0.03571428571428571,-0.041636579679455415,0.37385193447034126
-14.272091099204172,-8.511651590447698,0.05096734986146866,101.93469972293731,,observation,0.002878780364196138,-0.0,convex_cvar,0.0,0.1543247830818057,shifted_heston,95.8607734701636,10,0.002878780364196138,0.03968253968253968,0.060061696979571116,0.5216019726329382
-10.442230163481977,-14.272091099204172,0.05288323827353579,105.76647654707158,,observation,0.001915888412067131,-0.0,convex_cvar,0.0,0.11411073328969594,shifted_heston,95.2845297587034,11,0.001915888412067131,0.04365079365079365,-0.040214049792109754,0.4307573984475219
-17.349505652117355,-10.442230163481977,0.056335150061959265,112.67030012391854,,observation,0.003451911788423477,-0.0,convex_cvar,0.0,0.1854588490614892,shifted_heston,96.76252136677039,12,0.003451911788423477,0.047619047619047616,0.07134811577179327,0.5959601928516385
-32.075576934053686,-17.349505652117355,0.06369450602494595,127.38901204989189,,observation,0.0073593559629866745,-0.0,convex_cvar,0.0,0.3346598381249594,shifted_heston,98.65023025894284,13,0.0073593559629866745,0.051587301587301584,0.1492009890634702,0.9386931553940983
-28.379453188702314,-32.075576934053686,0.06554349239080456,131.08698478160912,,observation,0.0018489863658586153,-0.0,convex_cvar,0.0,0.2970745310839916,shifted_heston,98.38878601381276,14,0.0018489863658586153,0.05555555555555555,-0.0375853070409678,0.849349280274307
-72.52616453702763,-28.379453188702314,0.08760581690271127,175.21163380542254,,observation,0.022062324511906706,-0.0,convex_cvar,0.0,0.7290487685061492,shifted_heston,102.14648282529753,15,0.022062324511906706,0.05952380952380952,0.43197423742215757,1.9436029739900533
-52.23902278028238,-72.52616453702763,0.09775446210368438,195.50892420736875,,observation,0.01014864520097311,-0.0,convex_cvar,0.0,0.5268192694817606,shifted_heston,100.36760462675328,16,0.01014864520097311,0.06349206349206349,-0.20222949902438858,0.6365653688179549
-35.20803084787384,-52.23902278028238,0.10627421794781071,212.54843589562142,,observation,0.008519755844126333,-0.0,convex_cvar,0.0,0.35507172733428505,shifted_heston,99.21255044000128,17,0.008519755844126333,0.06746031746031746,-0.17174754214747556,0.019540810097296912
-33.572527232791856,-35.20803084787384,0.1070923788357957,214.1847576715914,,observation,0.0008181608879849868,-0.0,convex_cvar,0.0,0.33858098092460626,shifted_heston,99.22666538669101,18,0.0008181608879849868,0.07142857142857142,-0.01649074640967879,0.023734467711662433
-67.855728368461,-33.572527232791856,0.12422541288660487,248.45082577320974,,observation,0.01713303405080917,-0.0,convex_cvar,0.0,0.6779741822122037,shifted_heston,100.96274165663594,19,0.01713303405080917,0.07539682539682539,0.3393932012875975,0.5944038400987495
-67.91007762978326,-67.855728368461,0.12425257393674093,248.50514787348186,,observation,2.716105013605985e-05,-0.0,convex_cvar,0.0,0.6785137178483364,shifted_heston,100.6830626823813,20,2.716105013605985e-05,0.07936507936507936,0.0005395356361326265,0.404761555196373
-0.5780989087007953,-67.91007762978326,0.15869002200387158,317.38004400774315,,settlement,0.03443744806713065,-0.0,convex_cvar,1.5084799651117038,0.0,shifted_heston,101.5084799651117,21,0.03443744806713065,0.08333333333333333,-0.6785137178483364,-0.5780989087007953
-48.87408850971573,2.3029744678024286,0.025575743616950607,51.151487233901214,0.5115148723390122,entry,0.025575743616950607,0.0,validation_selected_band,0.0,0.5115148723390122,shifted_heston,100.0,0,0.025575743616950607,0.0,0.5115148723390122,2.277398724185481
-47.78696736210569,-48.87408850971573,0.02611957610700065,52.2391522140013,0.4505443893723863,observation,0.0005438324900500442,-0.0,validation_selected_band,0.0,0.5005443893723863,shifted_heston,99.14467607387559,1,0.0005438324900500442,0.003968253968253968,-0.010970482966625839,1.8393439828154072
-47.78696736210569,-47.78696736210569,0.02611957610700065,52.2391522140013,0.4823248675253808,observation,0.0,-0.0,validation_selected_band,0.0,0.5005443893723863,shifted_heston,99.6065930353675,2,0.0,0.007936507936507936,0.0,2.07055392624612
-47.78696736210569,-47.78696736210569,0.02611957610700065,52.2391522140013,0.5025563536606497,observation,0.0,-0.0,validation_selected_band,0.0,0.5005443893723863,shifted_heston,99.89145332944493,3,0.0,0.011904761904761904,0.0,2.213139148201549
-47.78696736210569,-47.78696736210569,0.02611957610700065,52.2391522140013,0.4832705242634841,observation,0.0,-0.0,validation_selected_band,0.0,0.5005443893723863,shifted_heston,99.64780276254882,4,0.0,0.015873015873015872,0.0,2.0911812239742957
-45.05777101623529,-47.78696736210569,0.02748485692034252,54.96971384068504,0.4229349250373241,observation,0.0013652808133418704,-0.0,validation_selected_band,0.0,0.4729349250373241,shifted_heston,98.8994785826433,5,0.0013652808133418704,0.01984126984126984,-0.027609464335062228,1.7152464734775563
-30.981606551747333,-45.05777101623529,0.03452645995410338,69.05291990820676,0.2778216400760727,observation,0.007041603033760862,-0.0,validation_selected_band,0.0,0.3278216400760727,shifted_heston,97.04973649574718,6,0.007041603033760862,0.023809523809523808,-0.14511328496125142,0.8333972352391932
-20.249846869307035,-30.981606551747333,0.039895024077385176,79.79004815477035,0.16528602493919442,observation,0.005368564123281791,-0.0,validation_selected_band,0.0,0.2152860249391944,shifted_heston,95.41093487163063,7,0.005368564123281791,0.027777777777777776,-0.11253561513687826,0.29079403493869194
-17.685715704689684,-20.249846869307035,0.04117773101316174,82.35546202632347,0.13830433736740533,observation,0.0012827069357765628,-0.0,validation_selected_band,0.0,0.18830433736740532,shifted_heston,95.07981532761552,8,0.0012827069357765628,0.031746031746031744,-0.026981687571789092,0.21822591759222476
-13.270203789091667,-17.685715704689684,0.043386591401154743,86.77318280230948,0.09143833897861497,observation,0.002208860387993005,-0.0,validation_selected_band,0.0,0.14143833897861496,shifted_heston,94.26281158757226,9,0.002208860387993005,0.03571428571428571,-0.04686599838879035,0.06217170930869287
-13.270203789091667,-13.270203789091667,0.043386591401154743,86.77318280230948,0.16089635850904477,observation,0.0,-0.0,validation_selected_band,0.0,0.14143833897861496,shifted_heston,95.8607734701636,10,0.0,0.03968253968253968,0.0,0.28818478373355205
-13.270203789091667,-13.270203789091667,0.043386591401154743,86.77318280230948,0.1165388589611846,observation,0.0,-0.0,validation_selected_band,0.0,0.14143833897861496,shifted_heston,95.2845297587034,11,0.0,0.04365079365079365,0.0,0.20668183033775023
-13.823557464310907,-13.270203789091667,0.0436631299694802,87.32625993896039,0.19715415879023934,observation,0.0002765385683254573,-0.0,validation_selected_band,0.0,0.14715415879023935,shifted_heston,96.76252136677039,12,0.0002765385683254573,0.047619047619047616,0.00571581981162439,0.4154499698387504
-29.708904060932532,-13.823557464310907,0.051601833915817845,103.20366783163568,0.35810064468286573,observation,0.007938703946337644,-0.0,validation_selected_band,0.0,0.30810064468286574,shifted_heston,98.65023025894284,13,0.007938703946337644,0.051587301587301584,0.1609464858926264,0.6852954799609066
-29.708904060932532,-29.708904060932532,0.051601833915817845,103.20366783163568,0.31895110300489726,observation,0.0,-0.0,validation_selected_band,0.0,0.30810064468286574,shifted_heston,98.38878601381276,14,0.0,0.05555555555555555,0.0,0.6047443394877057
-70.6964288841207,-29.708904060932532,0.0720853545670863,144.1707091341726,0.7591623373561551,observation,0.02048352065126845,-0.0,validation_selected_band,0.0,0.7091623373561551,shifted_heston,102.14648282529753,15,0.02048352065126845,0.05952380952380952,0.40106169267328934,1.742009628977641
-60.48602556038047,-70.6964288841207,0.07719311010672623,154.38622021345248,0.5573813780788136,observation,0.005107755539639941,-0.0,validation_selected_band,0.0,0.6073813780788136,shifted_heston,100.36760462675328,16,0.005107755539639941,0.06349206349206349,-0.10178095927734143,0.47538845228645243
-43.06008629166972,-60.48602556038047,0.08591043840523085,171.82087681046173,0.3816510242104001,observation,0.008717328298504627,-0.0,validation_selected_band,0.0,0.4316510242104001,shifted_heston,99.21255044000128,17,0.008717328298504627,0.06746031746031746,-0.17573035386841357,-0.23488727971718504
-41.41884872585804,-43.06008629166972,0.08673146770278548,173.46293540557096,0.36510246250362444,observation,0.0008210292975546181,-0.0,validation_selected_band,0.0,0.4151024625036244,shifted_heston,99.22666538669101,18,0.0008210292975546181,0.07142857142857142,-0.016548561706775655,-0.22961557781944464
-65.92384262630439,-41.41884872585804,0.09897784146612698,197.95568293225398,0.7076944040931304,observation,0.012246373763341504,-0.0,validation_selected_band,0.0,0.6576944040931304,shifted_heston,100.96274165663594,19,0.012246373763341504,0.07539682539682539,0.24259194158950598,0.478787583165456
-65.92384262630439,-65.92384262630439,0.09897784146612698,197.95568293225398,0.7076802013366114,observation,0.0,-0.0,validation_selected_band,0.0,0.6576944040931304,shifted_heston,100.6830626823813,20,0.0,0.07936507936507936,0.0,0.2948442868556782
-0.7041441299830211,-65.92384262630439,0.13235862108665378,264.71724217330757,0.0,settlement,0.0333807796205268,-0.0,validation_selected_band,1.5084799651117038,0.0,shifted_heston,101.5084799651117,21,0.0333807796205268,0.08333333333333333,-0.6576944040931304,-0.7041441299830211
