scenario,substeps,n_paths,effective_dt,terminal_spot_mean,spot_exact_mean,spot_mean_se,terminal_variance_mean,variance_exact_mean,variance_mean_se,call_payoff_mean,call_payoff_se,band05_mse,band05_mse_se,negative_raw_update_fraction,paths_ever_negative
heston,1,32768,0.003968253968253968,100.05531797476837,100.0,0.031615531164563566,0.0399339221700432,0.04,8.866534162941262e-05,2.3053321158273574,0.0176985921308688,0.30660767513816223,0.002933840639300438,0.0,0
heston,2,32768,0.001984126984126984,100.00296874459596,100.0,0.03168811985173515,0.039904392885843215,0.04,8.857026338397587e-05,2.287597820331654,0.017596300309073883,0.30797251652513846,0.0028858652555986183,0.0,0
heston,4,32768,0.000992063492063492,99.99949142392825,100.0,0.031703163473846746,0.040028791835960136,0.04,8.888362922098803e-05,2.2875383730426035,0.017609376631924526,0.3013191662690772,0.002821737541935701,0.0,0
heston,8,32768,0.000496031746031746,99.99235926724145,100.0,0.03179157592189223,0.0400166850424111,0.04,8.863863090088081e-05,2.29463793884212,0.017539322391938145,0.303583004195376,0.002833406900069506,0.0,0
heston,16,32768,0.000248015873015873,100.02845248217575,100.0,0.031392349347015444,0.039956237366076515,0.04,8.781533034520227e-05,2.2814307294911567,0.017400966728912285,0.30063415461487314,0.0027274887581330083,0.0,0
heston_shift,1,32768,0.003968253968253968,100.0182564374521,100.0,0.04729924916441138,0.08977469748652991,0.09,0.00020611892926119372,3.425843327876296,0.026752387193864552,2.271672683469241,0.018718173050634453,0.0,0
heston_shift,2,32768,0.001984126984126984,99.99132843142263,100.0,0.047254106560541145,0.08981304917712156,0.09,0.00020557084094720776,3.4064824448813047,0.026762374533589744,2.257244933973092,0.017783886228072355,0.0,0
heston_shift,4,32768,0.000992063492063492,100.0268379892964,100.0,0.04720337330805665,0.0897895711035003,0.09,0.000205784667974487,3.418727748028188,0.02668933958243406,2.2436277641772886,0.01816664217495754,0.0,0
heston_shift,8,32768,0.000496031746031746,100.06446575291397,100.0,0.04751926924659413,0.08976012907362789,0.09,0.00020782330694402913,3.4662955213544486,0.02689214765799861,2.2499630197705356,0.01841175086190305,0.0,0
heston_shift,16,32768,0.000248015873015873,99.93718355286322,100.0,0.04723858517182965,0.0902368459494057,0.09,0.00020602226152250131,3.3831445608666586,0.026327508964285,2.2735276180875044,0.018375301601585185,0.0,0
