period,currency,candidate,reference,policy,cost_bps,metric,negative_favors_candidate,primary_block,difference,ci_low,ci_high,p_centered_approx,n,block_length,n_bootstrap,seed,interpretation,holm_six_currency_p,holm_family
retrospective,USD,ridge_term,ridge_flat,band05,5,paired squared net P&L difference,True,False,-0.001183369595907422,-0.00322008874268459,0.0007644262585038577,0.2486878280429893,132,1,4000,7619,"Exploratory pointwise percentile MBB CI and approximate two-sided centered-null bootstrap p; conditional on evaluated procedures, assumes approximately stationary weak dependence.",,
retrospective,USD,ridge_term,ridge_flat,band05,5,paired squared net P&L difference,True,True,-0.001183369595907422,-0.003006847404467075,0.0007963519947476377,0.2344413896525868,132,3,4000,7619,"Exploratory pointwise percentile MBB CI and approximate two-sided centered-null bootstrap p; conditional on evaluated procedures, assumes approximately stationary weak dependence.",1,retrospective: six currency comparisons at block length 3
retrospective,USD,ridge_term,ridge_flat,band05,5,paired squared net P&L difference,True,False,-0.001183369595907422,-0.002588313826760021,0.0007774744009532886,0.195201199700075,132,6,4000,7619,"Exploratory pointwise percentile MBB CI and approximate two-sided centered-null bootstrap p; conditional on evaluated procedures, assumes approximately stationary weak dependence.",,
retrospective,JPY,ridge_term,ridge_flat,band05,5,paired squared net P&L difference,True,False,0.001197159838469486,-0.002264477140267519,0.004822877160893469,0.5158710322419395,132,1,4000,7620,"Exploratory pointwise percentile MBB CI and approximate two-sided centered-null bootstrap p; conditional on evaluated procedures, assumes approximately stationary weak dependence.",,
retrospective,JPY,ridge_term,ridge_flat,band05,5,paired squared net P&L difference,True,True,0.001197159838469486,-0.001712553866681406,0.005398133019126797,0.5168707823044238,132,3,4000,7620,"Exploratory pointwise percentile MBB CI and approximate two-sided centered-null bootstrap p; conditional on evaluated procedures, assumes approximately stationary weak dependence.",1,retrospective: six currency comparisons at block length 3
retrospective,JPY,ridge_term,ridge_flat,band05,5,paired squared net P&L difference,True,False,0.001197159838469486,-0.00156143160407079,0.00607541826193528,0.551362159460135,132,6,4000,7620,"Exploratory pointwise percentile MBB CI and approximate two-sided centered-null bootstrap p; conditional on evaluated procedures, assumes approximately stationary weak dependence.",,
retrospective,GBP,ridge_term,ridge_flat,band05,5,paired squared net P&L difference,True,False,0.002689321860226907,-0.001515360342258257,0.009680088451230001,0.4548862784303924,132,1,4000,7621,"Exploratory pointwise percentile MBB CI and approximate two-sided centered-null bootstrap p; conditional on evaluated procedures, assumes approximately stationary weak dependence.",,
retrospective,GBP,ridge_term,ridge_flat,band05,5,paired squared net P&L difference,True,True,0.002689321860226907,-0.001577957485283848,0.009721415716673501,0.4688827793051737,132,3,4000,7621,"Exploratory pointwise percentile MBB CI and approximate two-sided centered-null bootstrap p; conditional on evaluated procedures, assumes approximately stationary weak dependence.",1,retrospective: six currency comparisons at block length 3
retrospective,GBP,ridge_term,ridge_flat,band05,5,paired squared net P&L difference,True,False,0.002689321860226907,-0.001508896257492507,0.009590638208255084,0.4448887778055486,132,6,4000,7621,"Exploratory pointwise percentile MBB CI and approximate two-sided centered-null bootstrap p; conditional on evaluated procedures, assumes approximately stationary weak dependence.",,
retrospective,CHF,ridge_term,ridge_flat,band05,5,paired squared net P&L difference,True,False,0.2143744189307724,-0.06597214542845621,0.7529285366366997,0.6273431642089478,132,1,4000,7622,"Exploratory pointwise percentile MBB CI and approximate two-sided centered-null bootstrap p; conditional on evaluated procedures, assumes approximately stationary weak dependence.",,
retrospective,CHF,ridge_term,ridge_flat,band05,5,paired squared net P&L difference,True,True,0.2143744189307724,-0.07034970628958102,0.4701462943541405,0.7553111722069482,132,3,4000,7622,"Exploratory pointwise percentile MBB CI and approximate two-sided centered-null bootstrap p; conditional on evaluated procedures, assumes approximately stationary weak dependence.",1,retrospective: six currency comparisons at block length 3
retrospective,CHF,ridge_term,ridge_flat,band05,5,paired squared net P&L difference,True,False,0.2143744189307724,-0.06819816787451811,0.2284871927092074,0.8505373656585854,132,6,4000,7622,"Exploratory pointwise percentile MBB CI and approximate two-sided centered-null bootstrap p; conditional on evaluated procedures, assumes approximately stationary weak dependence.",,
retrospective,CAD,ridge_term,ridge_flat,band05,5,paired squared net P&L difference,True,False,0.001019208785222944,-0.002641323130875151,0.005793050461529435,0.638590352411897,132,1,4000,7623,"Exploratory pointwise percentile MBB CI and approximate two-sided centered-null bootstrap p; conditional on evaluated procedures, assumes approximately stationary weak dependence.",,
retrospective,CAD,ridge_term,ridge_flat,band05,5,paired squared net P&L difference,True,True,0.001019208785222944,-0.002706551342122047,0.003146035002094886,0.6635841039740065,132,3,4000,7623,"Exploratory pointwise percentile MBB CI and approximate two-sided centered-null bootstrap p; conditional on evaluated procedures, assumes approximately stationary weak dependence.",1,retrospective: six currency comparisons at block length 3
retrospective,CAD,ridge_term,ridge_flat,band05,5,paired squared net P&L difference,True,False,0.001019208785222944,-0.002862505379899478,0.002365680257832743,0.7350662334416396,132,6,4000,7623,"Exploratory pointwise percentile MBB CI and approximate two-sided centered-null bootstrap p; conditional on evaluated procedures, assumes approximately stationary weak dependence.",,
retrospective,AUD,ridge_term,ridge_flat,band05,5,paired squared net P&L difference,True,False,-0.002018051013302784,-0.008180861944705265,0.002911915355207399,0.485378655336166,132,1,4000,7624,"Exploratory pointwise percentile MBB CI and approximate two-sided centered-null bootstrap p; conditional on evaluated procedures, assumes approximately stationary weak dependence.",,
retrospective,AUD,ridge_term,ridge_flat,band05,5,paired squared net P&L difference,True,True,-0.002018051013302784,-0.008062851719726028,0.00229293501473728,0.461884528867783,132,3,4000,7624,"Exploratory pointwise percentile MBB CI and approximate two-sided centered-null bootstrap p; conditional on evaluated procedures, assumes approximately stationary weak dependence.",1,retrospective: six currency comparisons at block length 3
retrospective,AUD,ridge_term,ridge_flat,band05,5,paired squared net P&L difference,True,False,-0.002018051013302784,-0.008162388346901332,0.002289284096522145,0.4613846538365409,132,6,4000,7624,"Exploratory pointwise percentile MBB CI and approximate two-sided centered-null bootstrap p; conditional on evaluated procedures, assumes approximately stationary weak dependence.",,
additional_2026,USD,ridge_term,ridge_flat,band05,5,paired squared net P&L difference,True,False,-0.0002571683136337208,-0.00117755489914189,0.0005828897333849375,0.5648587853036741,9,1,4000,7719,"Exploratory pointwise percentile MBB CI and approximate two-sided centered-null bootstrap p; conditional on evaluated procedures, assumes approximately stationary weak dependence.",,
additional_2026,USD,ridge_term,ridge_flat,band05,5,paired squared net P&L difference,True,True,-0.0002571683136337208,-0.001044740170262412,0.0002379312166554473,0.5128717820544864,9,3,4000,7719,"Exploratory pointwise percentile MBB CI and approximate two-sided centered-null bootstrap p; conditional on evaluated procedures, assumes approximately stationary weak dependence.",1,additional_2026: six currency comparisons at block length 3
additional_2026,USD,ridge_term,ridge_flat,band05,5,paired squared net P&L difference,True,False,-0.0002571683136337208,-0.0008424951113501426,3.300613225018899e-05,0.5501124718820295,9,6,4000,7719,"Exploratory pointwise percentile MBB CI and approximate two-sided centered-null bootstrap p; conditional on evaluated procedures, assumes approximately stationary weak dependence.",,
additional_2026,JPY,ridge_term,ridge_flat,band05,5,paired squared net P&L difference,True,False,0.002465343147650392,-0.004016439110117696,0.009764649223615697,0.4791302174456386,9,1,4000,7720,"Exploratory pointwise percentile MBB CI and approximate two-sided centered-null bootstrap p; conditional on evaluated procedures, assumes approximately stationary weak dependence.",,
additional_2026,JPY,ridge_term,ridge_flat,band05,5,paired squared net P&L difference,True,True,0.002465343147650392,-0.003102736694073026,0.007066709296845725,0.2791802049487628,9,3,4000,7720,"Exploratory pointwise percentile MBB CI and approximate two-sided centered-null bootstrap p; conditional on evaluated procedures, assumes approximately stationary weak dependence.",1,additional_2026: six currency comparisons at block length 3
additional_2026,JPY,ridge_term,ridge_flat,band05,5,paired squared net P&L difference,True,False,0.002465343147650392,-0.002136023001544941,0.006999677371054459,0.3026743314171457,9,6,4000,7720,"Exploratory pointwise percentile MBB CI and approximate two-sided centered-null bootstrap p; conditional on evaluated procedures, assumes approximately stationary weak dependence.",,
additional_2026,GBP,ridge_term,ridge_flat,band05,5,paired squared net P&L difference,True,False,-0.0004396500918815078,-0.00134508065798138,0.0003694702938443489,0.3426643339165208,9,1,4000,7721,"Exploratory pointwise percentile MBB CI and approximate two-sided centered-null bootstrap p; conditional on evaluated procedures, assumes approximately stationary weak dependence.",,
additional_2026,GBP,ridge_term,ridge_flat,band05,5,paired squared net P&L difference,True,True,-0.0004396500918815078,-0.0009713440322643546,0.0003378207576090367,0.5506123469132717,9,3,4000,7721,"Exploratory pointwise percentile MBB CI and approximate two-sided centered-null bootstrap p; conditional on evaluated procedures, assumes approximately stationary weak dependence.",1,additional_2026: six currency comparisons at block length 3
additional_2026,GBP,ridge_term,ridge_flat,band05,5,paired squared net P&L difference,True,False,-0.0004396500918815078,-0.00095476991737177,0.0002911047613893324,0.4461384653836541,9,6,4000,7721,"Exploratory pointwise percentile MBB CI and approximate two-sided centered-null bootstrap p; conditional on evaluated procedures, assumes approximately stationary weak dependence.",,
additional_2026,CHF,ridge_term,ridge_flat,band05,5,paired squared net P&L difference,True,False,-0.005312150563544583,-0.0210199866562949,0.01274863397851781,0.5398650337415646,9,1,4000,7722,"Exploratory pointwise percentile MBB CI and approximate two-sided centered-null bootstrap p; conditional on evaluated procedures, assumes approximately stationary weak dependence.",,
additional_2026,CHF,ridge_term,ridge_flat,band05,5,paired squared net P&L difference,True,True,-0.005312150563544583,-0.01851563990133006,0.003569069329759911,0.4078980254936266,9,3,4000,7722,"Exploratory pointwise percentile MBB CI and approximate two-sided centered-null bootstrap p; conditional on evaluated procedures, assumes approximately stationary weak dependence.",1,additional_2026: six currency comparisons at block length 3
additional_2026,CHF,ridge_term,ridge_flat,band05,5,paired squared net P&L difference,True,False,-0.005312150563544583,-0.01312125244683951,-0.001449985220597621,0.1219695076230942,9,6,4000,7722,"Exploratory pointwise percentile MBB CI and approximate two-sided centered-null bootstrap p; conditional on evaluated procedures, assumes approximately stationary weak dependence.",,
additional_2026,CAD,ridge_term,ridge_flat,band05,5,paired squared net P&L difference,True,False,-8.233357047079548e-05,-0.001337282659771093,0.001021532782540731,0.8995251187203199,9,1,4000,7723,"Exploratory pointwise percentile MBB CI and approximate two-sided centered-null bootstrap p; conditional on evaluated procedures, assumes approximately stationary weak dependence.",,
additional_2026,CAD,ridge_term,ridge_flat,band05,5,paired squared net P&L difference,True,True,-8.233357047079548e-05,-0.001811452676875665,0.0006927933508181936,0.9082729317670583,9,3,4000,7723,"Exploratory pointwise percentile MBB CI and approximate two-sided centered-null bootstrap p; conditional on evaluated procedures, assumes approximately stationary weak dependence.",1,additional_2026: six currency comparisons at block length 3
additional_2026,CAD,ridge_term,ridge_flat,band05,5,paired squared net P&L difference,True,False,-8.233357047079548e-05,-0.001267467748277639,0.0002573360240791546,0.9327668082979255,9,6,4000,7723,"Exploratory pointwise percentile MBB CI and approximate two-sided centered-null bootstrap p; conditional on evaluated procedures, assumes approximately stationary weak dependence.",,
additional_2026,AUD,ridge_term,ridge_flat,band05,5,paired squared net P&L difference,True,False,0.001667379276891153,-0.0003530029226923582,0.003808258461735595,0.1152211947013247,9,1,4000,7724,"Exploratory pointwise percentile MBB CI and approximate two-sided centered-null bootstrap p; conditional on evaluated procedures, assumes approximately stationary weak dependence.",,
additional_2026,AUD,ridge_term,ridge_flat,band05,5,paired squared net P&L difference,True,True,0.001667379276891153,0.0003229484213215779,0.003015667987093921,0.006998250437390652,9,3,4000,7724,"Exploratory pointwise percentile MBB CI and approximate two-sided centered-null bootstrap p; conditional on evaluated procedures, assumes approximately stationary weak dependence.",0.04198950262434391,additional_2026: six currency comparisons at block length 3
additional_2026,AUD,ridge_term,ridge_flat,band05,5,paired squared net P&L difference,True,False,0.001667379276891153,0.001541471298192755,0.002423336594930152,0.0002499375156210947,9,6,4000,7724,"Exploratory pointwise percentile MBB CI and approximate two-sided centered-null bootstrap p; conditional on evaluated procedures, assumes approximately stationary weak dependence.",,
