scenario,validation_n,fee_bps,selector,replicates,candidate,count,fraction
heston,16,5.0,forecast_first,24,vol0.75_band05,2,0.08333333333333333
heston,16,5.0,forecast_first,24,vol0.75_daily,4,0.16666666666666666
heston,16,5.0,forecast_first,24,vol1.25_band05,1,0.041666666666666664
heston,16,5.0,forecast_first,24,vol1.25_band10,1,0.041666666666666664
heston,16,5.0,forecast_first,24,vol1.25_daily,7,0.2916666666666667
heston,16,5.0,forecast_first,24,vol1_band05,1,0.041666666666666664
heston,16,5.0,forecast_first,24,vol1_daily,8,0.3333333333333333
heston,16,5.0,joint_es90,24,vol0.75_band10,1,0.041666666666666664
heston,16,5.0,joint_es90,24,vol0.75_daily,4,0.16666666666666666
heston,16,5.0,joint_es90,24,vol1.25_band05,5,0.20833333333333334
heston,16,5.0,joint_es90,24,vol1.25_band10,3,0.125
heston,16,5.0,joint_es90,24,vol1.25_daily,4,0.16666666666666666
heston,16,5.0,joint_es90,24,vol1_band05,3,0.125
heston,16,5.0,joint_es90,24,vol1_band10,1,0.041666666666666664
heston,16,5.0,joint_es90,24,vol1_daily,3,0.125
heston,16,5.0,joint_mse,24,vol0.75_band05,2,0.08333333333333333
heston,16,5.0,joint_mse,24,vol0.75_band10,1,0.041666666666666664
heston,16,5.0,joint_mse,24,vol0.75_daily,5,0.20833333333333334
heston,16,5.0,joint_mse,24,vol1.25_band05,1,0.041666666666666664
heston,16,5.0,joint_mse,24,vol1.25_band10,1,0.041666666666666664
heston,16,5.0,joint_mse,24,vol1.25_daily,7,0.2916666666666667
heston,16,5.0,joint_mse,24,vol1_band05,2,0.08333333333333333
heston,16,5.0,joint_mse,24,vol1_daily,5,0.20833333333333334
heston,16,20.0,forecast_first,24,vol0.75_band05,5,0.20833333333333334
heston,16,20.0,forecast_first,24,vol0.75_daily,1,0.041666666666666664
heston,16,20.0,forecast_first,24,vol1.25_band05,6,0.25
heston,16,20.0,forecast_first,24,vol1.25_band10,3,0.125
heston,16,20.0,forecast_first,24,vol1_band05,5,0.20833333333333334
heston,16,20.0,forecast_first,24,vol1_band10,1,0.041666666666666664
heston,16,20.0,forecast_first,24,vol1_daily,3,0.125
heston,16,20.0,joint_es90,24,vol0.75_band05,2,0.08333333333333333
heston,16,20.0,joint_es90,24,vol0.75_band10,3,0.125
heston,16,20.0,joint_es90,24,vol0.75_daily,2,0.08333333333333333
heston,16,20.0,joint_es90,24,vol1.25_band05,6,0.25
heston,16,20.0,joint_es90,24,vol1.25_band10,4,0.16666666666666666
heston,16,20.0,joint_es90,24,vol1.25_daily,2,0.08333333333333333
heston,16,20.0,joint_es90,24,vol1_band05,3,0.125
heston,16,20.0,joint_es90,24,vol1_band10,1,0.041666666666666664
heston,16,20.0,joint_es90,24,vol1_daily,1,0.041666666666666664
heston,16,20.0,joint_mse,24,vol0.75_band05,4,0.16666666666666666
heston,16,20.0,joint_mse,24,vol0.75_band10,2,0.08333333333333333
heston,16,20.0,joint_mse,24,vol0.75_daily,2,0.08333333333333333
heston,16,20.0,joint_mse,24,vol1.25_band05,6,0.25
heston,16,20.0,joint_mse,24,vol1.25_band10,2,0.08333333333333333
heston,16,20.0,joint_mse,24,vol1.25_daily,3,0.125
heston,16,20.0,joint_mse,24,vol1_band05,3,0.125
heston,16,20.0,joint_mse,24,vol1_band10,1,0.041666666666666664
heston,16,20.0,joint_mse,24,vol1_daily,1,0.041666666666666664
heston,64,5.0,forecast_first,24,vol0.75_band05,3,0.125
heston,64,5.0,forecast_first,24,vol0.75_daily,2,0.08333333333333333
heston,64,5.0,forecast_first,24,vol1.25_band05,3,0.125
heston,64,5.0,forecast_first,24,vol1.25_band10,1,0.041666666666666664
heston,64,5.0,forecast_first,24,vol1.25_daily,6,0.25
heston,64,5.0,forecast_first,24,vol1_band05,1,0.041666666666666664
heston,64,5.0,forecast_first,24,vol1_daily,8,0.3333333333333333
heston,64,5.0,joint_es90,24,vol0.75_band05,1,0.041666666666666664
heston,64,5.0,joint_es90,24,vol1.25_band05,7,0.2916666666666667
heston,64,5.0,joint_es90,24,vol1.25_band10,1,0.041666666666666664
heston,64,5.0,joint_es90,24,vol1.25_daily,8,0.3333333333333333
heston,64,5.0,joint_es90,24,vol1_band05,3,0.125
heston,64,5.0,joint_es90,24,vol1_daily,4,0.16666666666666666
heston,64,5.0,joint_mse,24,vol0.75_band05,3,0.125
heston,64,5.0,joint_mse,24,vol0.75_daily,3,0.125
heston,64,5.0,joint_mse,24,vol1.25_band05,3,0.125
heston,64,5.0,joint_mse,24,vol1.25_band10,1,0.041666666666666664
heston,64,5.0,joint_mse,24,vol1.25_daily,6,0.25
heston,64,5.0,joint_mse,24,vol1_band05,1,0.041666666666666664
heston,64,5.0,joint_mse,24,vol1_daily,7,0.2916666666666667
heston,64,20.0,forecast_first,24,vol0.75_band05,4,0.16666666666666666
heston,64,20.0,forecast_first,24,vol0.75_band10,1,0.041666666666666664
heston,64,20.0,forecast_first,24,vol1.25_band05,8,0.3333333333333333
heston,64,20.0,forecast_first,24,vol1.25_band10,1,0.041666666666666664
heston,64,20.0,forecast_first,24,vol1.25_daily,1,0.041666666666666664
heston,64,20.0,forecast_first,24,vol1_band05,6,0.25
heston,64,20.0,forecast_first,24,vol1_band10,1,0.041666666666666664
heston,64,20.0,forecast_first,24,vol1_daily,2,0.08333333333333333
heston,64,20.0,joint_es90,24,vol0.75_band10,1,0.041666666666666664
heston,64,20.0,joint_es90,24,vol1.25_band05,9,0.375
heston,64,20.0,joint_es90,24,vol1.25_band10,2,0.08333333333333333
heston,64,20.0,joint_es90,24,vol1.25_daily,7,0.2916666666666667
heston,64,20.0,joint_es90,24,vol1_band05,2,0.08333333333333333
heston,64,20.0,joint_es90,24,vol1_daily,3,0.125
heston,64,20.0,joint_mse,24,vol0.75_band05,4,0.16666666666666666
heston,64,20.0,joint_mse,24,vol0.75_band10,2,0.08333333333333333
heston,64,20.0,joint_mse,24,vol1.25_band05,8,0.3333333333333333
heston,64,20.0,joint_mse,24,vol1.25_band10,1,0.041666666666666664
heston,64,20.0,joint_mse,24,vol1.25_daily,4,0.16666666666666666
heston,64,20.0,joint_mse,24,vol1_band05,3,0.125
heston,64,20.0,joint_mse,24,vol1_daily,2,0.08333333333333333
heston,256,5.0,forecast_first,24,vol0.75_daily,5,0.20833333333333334
heston,256,5.0,forecast_first,24,vol1.25_band05,2,0.08333333333333333
heston,256,5.0,forecast_first,24,vol1.25_daily,8,0.3333333333333333
heston,256,5.0,forecast_first,24,vol1_daily,9,0.375
heston,256,5.0,joint_es90,24,vol1.25_band05,5,0.20833333333333334
heston,256,5.0,joint_es90,24,vol1.25_daily,11,0.4583333333333333
heston,256,5.0,joint_es90,24,vol1_daily,8,0.3333333333333333
heston,256,5.0,joint_mse,24,vol0.75_daily,4,0.16666666666666666
heston,256,5.0,joint_mse,24,vol1.25_band05,2,0.08333333333333333
heston,256,5.0,joint_mse,24,vol1.25_daily,8,0.3333333333333333
heston,256,5.0,joint_mse,24,vol1_daily,10,0.4166666666666667
heston,256,20.0,forecast_first,24,vol0.75_band05,5,0.20833333333333334
heston,256,20.0,forecast_first,24,vol1.25_band05,10,0.4166666666666667
heston,256,20.0,forecast_first,24,vol1_band05,6,0.25
heston,256,20.0,forecast_first,24,vol1_daily,3,0.125
heston,256,20.0,joint_es90,24,vol1.25_band05,9,0.375
heston,256,20.0,joint_es90,24,vol1.25_band10,2,0.08333333333333333
heston,256,20.0,joint_es90,24,vol1.25_daily,10,0.4166666666666667
heston,256,20.0,joint_es90,24,vol1_band05,1,0.041666666666666664
heston,256,20.0,joint_es90,24,vol1_daily,2,0.08333333333333333
heston,256,20.0,joint_mse,24,vol0.75_band05,4,0.16666666666666666
heston,256,20.0,joint_mse,24,vol1.25_band05,10,0.4166666666666667
heston,256,20.0,joint_mse,24,vol1_band05,6,0.25
heston,256,20.0,joint_mse,24,vol1_daily,4,0.16666666666666666
heston_shift,16,5.0,forecast_first,24,vol0.75_band05,1,0.041666666666666664
heston_shift,16,5.0,forecast_first,24,vol0.75_daily,4,0.16666666666666666
heston_shift,16,5.0,forecast_first,24,vol1.25_band05,1,0.041666666666666664
heston_shift,16,5.0,forecast_first,24,vol1.25_daily,6,0.25
heston_shift,16,5.0,forecast_first,24,vol1_band05,3,0.125
heston_shift,16,5.0,forecast_first,24,vol1_daily,9,0.375
heston_shift,16,5.0,joint_es90,24,vol0.75_band05,3,0.125
heston_shift,16,5.0,joint_es90,24,vol0.75_daily,2,0.08333333333333333
heston_shift,16,5.0,joint_es90,24,vol1.25_band05,5,0.20833333333333334
heston_shift,16,5.0,joint_es90,24,vol1.25_band10,1,0.041666666666666664
heston_shift,16,5.0,joint_es90,24,vol1.25_daily,5,0.20833333333333334
heston_shift,16,5.0,joint_es90,24,vol1.25_every5,1,0.041666666666666664
heston_shift,16,5.0,joint_es90,24,vol1_band05,3,0.125
heston_shift,16,5.0,joint_es90,24,vol1_band10,2,0.08333333333333333
heston_shift,16,5.0,joint_es90,24,vol1_daily,2,0.08333333333333333
heston_shift,16,5.0,joint_mse,24,vol0.75_band05,3,0.125
heston_shift,16,5.0,joint_mse,24,vol0.75_band10,1,0.041666666666666664
heston_shift,16,5.0,joint_mse,24,vol0.75_daily,6,0.25
heston_shift,16,5.0,joint_mse,24,vol1.25_band05,1,0.041666666666666664
heston_shift,16,5.0,joint_mse,24,vol1.25_daily,7,0.2916666666666667
heston_shift,16,5.0,joint_mse,24,vol1_band05,2,0.08333333333333333
heston_shift,16,5.0,joint_mse,24,vol1_daily,4,0.16666666666666666
heston_shift,16,20.0,forecast_first,24,vol0.75_band05,4,0.16666666666666666
heston_shift,16,20.0,forecast_first,24,vol0.75_daily,1,0.041666666666666664
heston_shift,16,20.0,forecast_first,24,vol1.25_band05,4,0.16666666666666666
heston_shift,16,20.0,forecast_first,24,vol1.25_daily,3,0.125
heston_shift,16,20.0,forecast_first,24,vol1_band05,7,0.2916666666666667
heston_shift,16,20.0,forecast_first,24,vol1_band10,1,0.041666666666666664
heston_shift,16,20.0,forecast_first,24,vol1_daily,3,0.125
heston_shift,16,20.0,forecast_first,24,vol1_every5,1,0.041666666666666664
heston_shift,16,20.0,joint_es90,24,vol0.75_band05,3,0.125
heston_shift,16,20.0,joint_es90,24,vol0.75_band10,1,0.041666666666666664
heston_shift,16,20.0,joint_es90,24,vol0.75_daily,1,0.041666666666666664
heston_shift,16,20.0,joint_es90,24,vol1.25_band05,4,0.16666666666666666
heston_shift,16,20.0,joint_es90,24,vol1.25_band10,5,0.20833333333333334
heston_shift,16,20.0,joint_es90,24,vol1.25_daily,4,0.16666666666666666
heston_shift,16,20.0,joint_es90,24,vol1.25_every5,1,0.041666666666666664
heston_shift,16,20.0,joint_es90,24,vol1_band05,3,0.125
heston_shift,16,20.0,joint_es90,24,vol1_daily,2,0.08333333333333333
heston_shift,16,20.0,joint_mse,24,vol0.75_band05,4,0.16666666666666666
heston_shift,16,20.0,joint_mse,24,vol0.75_band10,3,0.125
heston_shift,16,20.0,joint_mse,24,vol0.75_daily,1,0.041666666666666664
heston_shift,16,20.0,joint_mse,24,vol1.25_band05,3,0.125
heston_shift,16,20.0,joint_mse,24,vol1.25_daily,5,0.20833333333333334
heston_shift,16,20.0,joint_mse,24,vol1.25_every5,1,0.041666666666666664
heston_shift,16,20.0,joint_mse,24,vol1_band05,4,0.16666666666666666
heston_shift,16,20.0,joint_mse,24,vol1_daily,3,0.125
heston_shift,64,5.0,forecast_first,24,vol0.75_daily,4,0.16666666666666666
heston_shift,64,5.0,forecast_first,24,vol1.25_band05,1,0.041666666666666664
heston_shift,64,5.0,forecast_first,24,vol1.25_daily,6,0.25
heston_shift,64,5.0,forecast_first,24,vol1_band05,2,0.08333333333333333
heston_shift,64,5.0,forecast_first,24,vol1_daily,11,0.4583333333333333
heston_shift,64,5.0,joint_es90,24,vol0.75_band05,1,0.041666666666666664
heston_shift,64,5.0,joint_es90,24,vol0.75_daily,2,0.08333333333333333
heston_shift,64,5.0,joint_es90,24,vol1.25_band05,8,0.3333333333333333
heston_shift,64,5.0,joint_es90,24,vol1.25_daily,9,0.375
heston_shift,64,5.0,joint_es90,24,vol1_band05,1,0.041666666666666664
heston_shift,64,5.0,joint_es90,24,vol1_daily,3,0.125
heston_shift,64,5.0,joint_mse,24,vol0.75_band05,1,0.041666666666666664
heston_shift,64,5.0,joint_mse,24,vol0.75_daily,5,0.20833333333333334
heston_shift,64,5.0,joint_mse,24,vol1.25_band05,1,0.041666666666666664
heston_shift,64,5.0,joint_mse,24,vol1.25_daily,7,0.2916666666666667
heston_shift,64,5.0,joint_mse,24,vol1_band05,2,0.08333333333333333
heston_shift,64,5.0,joint_mse,24,vol1_daily,8,0.3333333333333333
heston_shift,64,20.0,forecast_first,24,vol0.75_band05,1,0.041666666666666664
heston_shift,64,20.0,forecast_first,24,vol0.75_daily,3,0.125
heston_shift,64,20.0,forecast_first,24,vol1.25_band05,5,0.20833333333333334
heston_shift,64,20.0,forecast_first,24,vol1.25_daily,2,0.08333333333333333
heston_shift,64,20.0,forecast_first,24,vol1_band05,10,0.4166666666666667
heston_shift,64,20.0,forecast_first,24,vol1_daily,3,0.125
heston_shift,64,20.0,joint_es90,24,vol0.75_band10,1,0.041666666666666664
heston_shift,64,20.0,joint_es90,24,vol0.75_daily,1,0.041666666666666664
heston_shift,64,20.0,joint_es90,24,vol1.25_band05,9,0.375
heston_shift,64,20.0,joint_es90,24,vol1.25_daily,6,0.25
heston_shift,64,20.0,joint_es90,24,vol1_band05,1,0.041666666666666664
heston_shift,64,20.0,joint_es90,24,vol1_band10,2,0.08333333333333333
heston_shift,64,20.0,joint_es90,24,vol1_daily,4,0.16666666666666666
heston_shift,64,20.0,joint_mse,24,vol0.75_band05,3,0.125
heston_shift,64,20.0,joint_mse,24,vol0.75_band10,2,0.08333333333333333
heston_shift,64,20.0,joint_mse,24,vol0.75_daily,2,0.08333333333333333
heston_shift,64,20.0,joint_mse,24,vol1.25_band05,7,0.2916666666666667
heston_shift,64,20.0,joint_mse,24,vol1.25_daily,4,0.16666666666666666
heston_shift,64,20.0,joint_mse,24,vol1_band05,4,0.16666666666666666
heston_shift,64,20.0,joint_mse,24,vol1_daily,2,0.08333333333333333
heston_shift,256,5.0,forecast_first,24,vol0.75_daily,4,0.16666666666666666
heston_shift,256,5.0,forecast_first,24,vol1.25_band05,2,0.08333333333333333
heston_shift,256,5.0,forecast_first,24,vol1.25_daily,5,0.20833333333333334
heston_shift,256,5.0,forecast_first,24,vol1_daily,13,0.5416666666666666
heston_shift,256,5.0,joint_es90,24,vol0.75_daily,1,0.041666666666666664
heston_shift,256,5.0,joint_es90,24,vol1.25_band05,4,0.16666666666666666
heston_shift,256,5.0,joint_es90,24,vol1.25_band10,1,0.041666666666666664
heston_shift,256,5.0,joint_es90,24,vol1.25_daily,13,0.5416666666666666
heston_shift,256,5.0,joint_es90,24,vol1_daily,5,0.20833333333333334
heston_shift,256,5.0,joint_mse,24,vol0.75_daily,3,0.125
heston_shift,256,5.0,joint_mse,24,vol1.25_band05,2,0.08333333333333333
heston_shift,256,5.0,joint_mse,24,vol1.25_daily,7,0.2916666666666667
heston_shift,256,5.0,joint_mse,24,vol1_daily,12,0.5
heston_shift,256,20.0,forecast_first,24,vol0.75_band05,3,0.125
heston_shift,256,20.0,forecast_first,24,vol0.75_daily,1,0.041666666666666664
heston_shift,256,20.0,forecast_first,24,vol1.25_band05,7,0.2916666666666667
heston_shift,256,20.0,forecast_first,24,vol1_band05,11,0.4583333333333333
heston_shift,256,20.0,forecast_first,24,vol1_daily,2,0.08333333333333333
heston_shift,256,20.0,joint_es90,24,vol1.25_band05,7,0.2916666666666667
heston_shift,256,20.0,joint_es90,24,vol1.25_band10,2,0.08333333333333333
heston_shift,256,20.0,joint_es90,24,vol1.25_daily,12,0.5
heston_shift,256,20.0,joint_es90,24,vol1_band05,1,0.041666666666666664
heston_shift,256,20.0,joint_es90,24,vol1_daily,2,0.08333333333333333
heston_shift,256,20.0,joint_mse,24,vol0.75_daily,1,0.041666666666666664
heston_shift,256,20.0,joint_mse,24,vol1.25_band05,5,0.20833333333333334
heston_shift,256,20.0,joint_mse,24,vol1.25_daily,2,0.08333333333333333
heston_shift,256,20.0,joint_mse,24,vol1_band05,12,0.5
heston_shift,256,20.0,joint_mse,24,vol1_daily,4,0.16666666666666666
jump_shift,16,5.0,forecast_first,24,vol0.75_band05,1,0.041666666666666664
jump_shift,16,5.0,forecast_first,24,vol0.75_daily,6,0.25
jump_shift,16,5.0,forecast_first,24,vol1.25_daily,9,0.375
jump_shift,16,5.0,forecast_first,24,vol1_band05,2,0.08333333333333333
jump_shift,16,5.0,forecast_first,24,vol1_daily,6,0.25
jump_shift,16,5.0,joint_es90,24,vol0.75_band05,1,0.041666666666666664
jump_shift,16,5.0,joint_es90,24,vol0.75_daily,2,0.08333333333333333
jump_shift,16,5.0,joint_es90,24,vol1.25_band05,2,0.08333333333333333
jump_shift,16,5.0,joint_es90,24,vol1.25_band10,2,0.08333333333333333
jump_shift,16,5.0,joint_es90,24,vol1.25_daily,6,0.25
jump_shift,16,5.0,joint_es90,24,vol1.25_every5,2,0.08333333333333333
jump_shift,16,5.0,joint_es90,24,vol1_band05,1,0.041666666666666664
jump_shift,16,5.0,joint_es90,24,vol1_band10,1,0.041666666666666664
jump_shift,16,5.0,joint_es90,24,vol1_daily,5,0.20833333333333334
jump_shift,16,5.0,joint_es90,24,vol1_every5,2,0.08333333333333333
jump_shift,16,5.0,joint_mse,24,vol0.75_band05,1,0.041666666666666664
jump_shift,16,5.0,joint_mse,24,vol0.75_daily,7,0.2916666666666667
jump_shift,16,5.0,joint_mse,24,vol1.25_daily,9,0.375
jump_shift,16,5.0,joint_mse,24,vol1_band05,2,0.08333333333333333
jump_shift,16,5.0,joint_mse,24,vol1_daily,5,0.20833333333333334
jump_shift,16,20.0,forecast_first,24,vol0.75_band05,3,0.125
jump_shift,16,20.0,forecast_first,24,vol0.75_daily,3,0.125
jump_shift,16,20.0,forecast_first,24,vol0.75_every5,1,0.041666666666666664
jump_shift,16,20.0,forecast_first,24,vol1.25_band05,6,0.25
jump_shift,16,20.0,forecast_first,24,vol1.25_band10,1,0.041666666666666664
jump_shift,16,20.0,forecast_first,24,vol1.25_daily,2,0.08333333333333333
jump_shift,16,20.0,forecast_first,24,vol1_band05,2,0.08333333333333333
jump_shift,16,20.0,forecast_first,24,vol1_daily,5,0.20833333333333334
jump_shift,16,20.0,forecast_first,24,vol1_every5,1,0.041666666666666664
jump_shift,16,20.0,joint_es90,24,vol0.75_band05,1,0.041666666666666664
jump_shift,16,20.0,joint_es90,24,vol0.75_daily,2,0.08333333333333333
jump_shift,16,20.0,joint_es90,24,vol0.75_every5,1,0.041666666666666664
jump_shift,16,20.0,joint_es90,24,vol1.25_band05,3,0.125
jump_shift,16,20.0,joint_es90,24,vol1.25_band10,2,0.08333333333333333
jump_shift,16,20.0,joint_es90,24,vol1.25_daily,4,0.16666666666666666
jump_shift,16,20.0,joint_es90,24,vol1.25_every5,3,0.125
jump_shift,16,20.0,joint_es90,24,vol1_band05,3,0.125
jump_shift,16,20.0,joint_es90,24,vol1_band10,1,0.041666666666666664
jump_shift,16,20.0,joint_es90,24,vol1_daily,2,0.08333333333333333
jump_shift,16,20.0,joint_es90,24,vol1_every5,2,0.08333333333333333
jump_shift,16,20.0,joint_mse,24,vol0.75_band05,3,0.125
jump_shift,16,20.0,joint_mse,24,vol0.75_band10,2,0.08333333333333333
jump_shift,16,20.0,joint_mse,24,vol0.75_daily,4,0.16666666666666666
jump_shift,16,20.0,joint_mse,24,vol1.25_band05,4,0.16666666666666666
jump_shift,16,20.0,joint_mse,24,vol1.25_band10,1,0.041666666666666664
jump_shift,16,20.0,joint_mse,24,vol1.25_daily,4,0.16666666666666666
jump_shift,16,20.0,joint_mse,24,vol1_band05,2,0.08333333333333333
jump_shift,16,20.0,joint_mse,24,vol1_band10,1,0.041666666666666664
jump_shift,16,20.0,joint_mse,24,vol1_daily,2,0.08333333333333333
jump_shift,16,20.0,joint_mse,24,vol1_every5,1,0.041666666666666664
jump_shift,64,5.0,forecast_first,24,vol0.75_band05,1,0.041666666666666664
jump_shift,64,5.0,forecast_first,24,vol0.75_daily,4,0.16666666666666666
jump_shift,64,5.0,forecast_first,24,vol1.25_daily,9,0.375
jump_shift,64,5.0,forecast_first,24,vol1_daily,10,0.4166666666666667
jump_shift,64,5.0,joint_es90,24,vol0.75_band05,1,0.041666666666666664
jump_shift,64,5.0,joint_es90,24,vol0.75_daily,1,0.041666666666666664
jump_shift,64,5.0,joint_es90,24,vol1.25_band05,2,0.08333333333333333
jump_shift,64,5.0,joint_es90,24,vol1.25_band10,1,0.041666666666666664
jump_shift,64,5.0,joint_es90,24,vol1.25_daily,11,0.4583333333333333
jump_shift,64,5.0,joint_es90,24,vol1_band05,3,0.125
jump_shift,64,5.0,joint_es90,24,vol1_daily,5,0.20833333333333334
jump_shift,64,5.0,joint_mse,24,vol0.75_band05,1,0.041666666666666664
jump_shift,64,5.0,joint_mse,24,vol0.75_daily,5,0.20833333333333334
jump_shift,64,5.0,joint_mse,24,vol1.25_daily,10,0.4166666666666667
jump_shift,64,5.0,joint_mse,24,vol1_daily,8,0.3333333333333333
jump_shift,64,20.0,forecast_first,24,vol0.75_band05,5,0.20833333333333334
jump_shift,64,20.0,forecast_first,24,vol1.25_band05,7,0.2916666666666667
jump_shift,64,20.0,forecast_first,24,vol1.25_band10,1,0.041666666666666664
jump_shift,64,20.0,forecast_first,24,vol1.25_daily,1,0.041666666666666664
jump_shift,64,20.0,forecast_first,24,vol1_band05,4,0.16666666666666666
jump_shift,64,20.0,forecast_first,24,vol1_daily,6,0.25
jump_shift,64,20.0,joint_es90,24,vol1.25_band05,9,0.375
jump_shift,64,20.0,joint_es90,24,vol1.25_band10,1,0.041666666666666664
jump_shift,64,20.0,joint_es90,24,vol1.25_daily,8,0.3333333333333333
jump_shift,64,20.0,joint_es90,24,vol1_band05,4,0.16666666666666666
jump_shift,64,20.0,joint_es90,24,vol1_daily,2,0.08333333333333333
jump_shift,64,20.0,joint_mse,24,vol0.75_band05,4,0.16666666666666666
jump_shift,64,20.0,joint_mse,24,vol1.25_band05,6,0.25
jump_shift,64,20.0,joint_mse,24,vol1.25_band10,1,0.041666666666666664
jump_shift,64,20.0,joint_mse,24,vol1.25_daily,4,0.16666666666666666
jump_shift,64,20.0,joint_mse,24,vol1_band05,4,0.16666666666666666
jump_shift,64,20.0,joint_mse,24,vol1_daily,5,0.20833333333333334
jump_shift,256,5.0,forecast_first,24,vol0.75_band05,1,0.041666666666666664
jump_shift,256,5.0,forecast_first,24,vol0.75_daily,4,0.16666666666666666
jump_shift,256,5.0,forecast_first,24,vol1.25_band05,1,0.041666666666666664
jump_shift,256,5.0,forecast_first,24,vol1.25_daily,8,0.3333333333333333
jump_shift,256,5.0,forecast_first,24,vol1_daily,10,0.4166666666666667
jump_shift,256,5.0,joint_es90,24,vol0.75_band05,1,0.041666666666666664
jump_shift,256,5.0,joint_es90,24,vol1.25_band05,6,0.25
jump_shift,256,5.0,joint_es90,24,vol1.25_band10,2,0.08333333333333333
jump_shift,256,5.0,joint_es90,24,vol1.25_daily,7,0.2916666666666667
jump_shift,256,5.0,joint_es90,24,vol1_band05,1,0.041666666666666664
jump_shift,256,5.0,joint_es90,24,vol1_daily,7,0.2916666666666667
jump_shift,256,5.0,joint_mse,24,vol0.75_daily,5,0.20833333333333334
jump_shift,256,5.0,joint_mse,24,vol1.25_band05,1,0.041666666666666664
jump_shift,256,5.0,joint_mse,24,vol1.25_daily,9,0.375
jump_shift,256,5.0,joint_mse,24,vol1_daily,9,0.375
jump_shift,256,20.0,forecast_first,24,vol0.75_band05,5,0.20833333333333334
jump_shift,256,20.0,forecast_first,24,vol1.25_band05,7,0.2916666666666667
jump_shift,256,20.0,forecast_first,24,vol1.25_band10,1,0.041666666666666664
jump_shift,256,20.0,forecast_first,24,vol1.25_daily,1,0.041666666666666664
jump_shift,256,20.0,forecast_first,24,vol1_band05,8,0.3333333333333333
jump_shift,256,20.0,forecast_first,24,vol1_daily,2,0.08333333333333333
jump_shift,256,20.0,joint_es90,24,vol1.25_band05,9,0.375
jump_shift,256,20.0,joint_es90,24,vol1.25_band10,2,0.08333333333333333
jump_shift,256,20.0,joint_es90,24,vol1.25_daily,6,0.25
jump_shift,256,20.0,joint_es90,24,vol1_band05,5,0.20833333333333334
jump_shift,256,20.0,joint_es90,24,vol1_daily,2,0.08333333333333333
jump_shift,256,20.0,joint_mse,24,vol0.75_band05,6,0.25
jump_shift,256,20.0,joint_mse,24,vol1.25_band05,7,0.2916666666666667
jump_shift,256,20.0,joint_mse,24,vol1.25_band10,1,0.041666666666666664
jump_shift,256,20.0,joint_mse,24,vol1.25_daily,2,0.08333333333333333
jump_shift,256,20.0,joint_mse,24,vol1_band05,7,0.2916666666666667
jump_shift,256,20.0,joint_mse,24,vol1_daily,1,0.041666666666666664
matched_gbm,16,5.0,forecast_first,24,vol1.25_daily,6,0.25
matched_gbm,16,5.0,forecast_first,24,vol1_band05,1,0.041666666666666664
matched_gbm,16,5.0,forecast_first,24,vol1_daily,16,0.6666666666666666
matched_gbm,16,5.0,forecast_first,24,vol1_every5,1,0.041666666666666664
matched_gbm,16,5.0,joint_es90,24,vol0.75_band05,1,0.041666666666666664
matched_gbm,16,5.0,joint_es90,24,vol0.75_band10,2,0.08333333333333333
matched_gbm,16,5.0,joint_es90,24,vol0.75_daily,1,0.041666666666666664
matched_gbm,16,5.0,joint_es90,24,vol0.75_every5,1,0.041666666666666664
matched_gbm,16,5.0,joint_es90,24,vol1.25_band05,3,0.125
matched_gbm,16,5.0,joint_es90,24,vol1.25_daily,10,0.4166666666666667
matched_gbm,16,5.0,joint_es90,24,vol1_band05,1,0.041666666666666664
matched_gbm,16,5.0,joint_es90,24,vol1_daily,5,0.20833333333333334
matched_gbm,16,5.0,joint_mse,24,vol0.75_band05,4,0.16666666666666666
matched_gbm,16,5.0,joint_mse,24,vol0.75_band10,1,0.041666666666666664
matched_gbm,16,5.0,joint_mse,24,vol0.75_every5,1,0.041666666666666664
matched_gbm,16,5.0,joint_mse,24,vol1.25_daily,4,0.16666666666666666
matched_gbm,16,5.0,joint_mse,24,vol1_daily,14,0.5833333333333334
matched_gbm,16,20.0,forecast_first,24,vol1.25_band05,1,0.041666666666666664
matched_gbm,16,20.0,forecast_first,24,vol1.25_daily,5,0.20833333333333334
matched_gbm,16,20.0,forecast_first,24,vol1_band05,10,0.4166666666666667
matched_gbm,16,20.0,forecast_first,24,vol1_band10,2,0.08333333333333333
matched_gbm,16,20.0,forecast_first,24,vol1_daily,5,0.20833333333333334
matched_gbm,16,20.0,forecast_first,24,vol1_every5,1,0.041666666666666664
matched_gbm,16,20.0,joint_es90,24,vol0.75_band05,3,0.125
matched_gbm,16,20.0,joint_es90,24,vol0.75_band10,3,0.125
matched_gbm,16,20.0,joint_es90,24,vol0.75_every5,2,0.08333333333333333
matched_gbm,16,20.0,joint_es90,24,vol1.25_band05,4,0.16666666666666666
matched_gbm,16,20.0,joint_es90,24,vol1.25_band10,2,0.08333333333333333
matched_gbm,16,20.0,joint_es90,24,vol1.25_daily,7,0.2916666666666667
matched_gbm,16,20.0,joint_es90,24,vol1_band05,1,0.041666666666666664
matched_gbm,16,20.0,joint_es90,24,vol1_daily,2,0.08333333333333333
matched_gbm,16,20.0,joint_mse,24,vol0.75_band05,3,0.125
matched_gbm,16,20.0,joint_mse,24,vol0.75_band10,2,0.08333333333333333
matched_gbm,16,20.0,joint_mse,24,vol0.75_daily,1,0.041666666666666664
matched_gbm,16,20.0,joint_mse,24,vol0.75_every5,1,0.041666666666666664
matched_gbm,16,20.0,joint_mse,24,vol1.25_band05,3,0.125
matched_gbm,16,20.0,joint_mse,24,vol1.25_daily,7,0.2916666666666667
matched_gbm,16,20.0,joint_mse,24,vol1_band05,4,0.16666666666666666
matched_gbm,16,20.0,joint_mse,24,vol1_daily,3,0.125
matched_gbm,64,5.0,forecast_first,24,vol1.25_daily,2,0.08333333333333333
matched_gbm,64,5.0,forecast_first,24,vol1_daily,22,0.9166666666666666
matched_gbm,64,5.0,joint_es90,24,vol1.25_band05,1,0.041666666666666664
matched_gbm,64,5.0,joint_es90,24,vol1.25_daily,15,0.625
matched_gbm,64,5.0,joint_es90,24,vol1_band05,2,0.08333333333333333
matched_gbm,64,5.0,joint_es90,24,vol1_daily,6,0.25
matched_gbm,64,5.0,joint_mse,24,vol0.75_band05,1,0.041666666666666664
matched_gbm,64,5.0,joint_mse,24,vol0.75_daily,1,0.041666666666666664
matched_gbm,64,5.0,joint_mse,24,vol1.25_daily,7,0.2916666666666667
matched_gbm,64,5.0,joint_mse,24,vol1_band05,1,0.041666666666666664
matched_gbm,64,5.0,joint_mse,24,vol1_daily,14,0.5833333333333334
matched_gbm,64,20.0,forecast_first,24,vol1.25_band05,2,0.08333333333333333
matched_gbm,64,20.0,forecast_first,24,vol1_band05,16,0.6666666666666666
matched_gbm,64,20.0,forecast_first,24,vol1_band10,1,0.041666666666666664
matched_gbm,64,20.0,forecast_first,24,vol1_daily,5,0.20833333333333334
matched_gbm,64,20.0,joint_es90,24,vol0.75_band10,1,0.041666666666666664
matched_gbm,64,20.0,joint_es90,24,vol1.25_band05,4,0.16666666666666666
matched_gbm,64,20.0,joint_es90,24,vol1.25_daily,12,0.5
matched_gbm,64,20.0,joint_es90,24,vol1_band05,4,0.16666666666666666
matched_gbm,64,20.0,joint_es90,24,vol1_band10,1,0.041666666666666664
matched_gbm,64,20.0,joint_es90,24,vol1_daily,2,0.08333333333333333
matched_gbm,64,20.0,joint_mse,24,vol0.75_band05,1,0.041666666666666664
matched_gbm,64,20.0,joint_mse,24,vol0.75_band10,1,0.041666666666666664
matched_gbm,64,20.0,joint_mse,24,vol1.25_band05,4,0.16666666666666666
matched_gbm,64,20.0,joint_mse,24,vol1.25_daily,6,0.25
matched_gbm,64,20.0,joint_mse,24,vol1_band05,8,0.3333333333333333
matched_gbm,64,20.0,joint_mse,24,vol1_band10,1,0.041666666666666664
matched_gbm,64,20.0,joint_mse,24,vol1_daily,3,0.125
matched_gbm,256,5.0,forecast_first,24,vol1.25_daily,2,0.08333333333333333
matched_gbm,256,5.0,forecast_first,24,vol1_daily,22,0.9166666666666666
matched_gbm,256,5.0,joint_es90,24,vol1.25_daily,19,0.7916666666666666
matched_gbm,256,5.0,joint_es90,24,vol1_daily,5,0.20833333333333334
matched_gbm,256,5.0,joint_mse,24,vol1.25_daily,5,0.20833333333333334
matched_gbm,256,5.0,joint_mse,24,vol1_daily,19,0.7916666666666666
matched_gbm,256,20.0,forecast_first,24,vol1.25_band05,1,0.041666666666666664
matched_gbm,256,20.0,forecast_first,24,vol1.25_daily,1,0.041666666666666664
matched_gbm,256,20.0,forecast_first,24,vol1_band05,19,0.7916666666666666
matched_gbm,256,20.0,forecast_first,24,vol1_daily,3,0.125
matched_gbm,256,20.0,joint_es90,24,vol1.25_band05,2,0.08333333333333333
matched_gbm,256,20.0,joint_es90,24,vol1.25_daily,20,0.8333333333333334
matched_gbm,256,20.0,joint_es90,24,vol1_band05,2,0.08333333333333333
matched_gbm,256,20.0,joint_mse,24,vol1.25_band05,1,0.041666666666666664
matched_gbm,256,20.0,joint_mse,24,vol1.25_daily,4,0.16666666666666666
matched_gbm,256,20.0,joint_mse,24,vol1_band05,17,0.7083333333333334
matched_gbm,256,20.0,joint_mse,24,vol1_daily,2,0.08333333333333333
