scenario,validation_n,fee_bps,selector,replicates,mean_test_mse,mean_test_variance,mean_test_bias_squared,mean_test_es90,mean_test_cost,test_budget_violation_fraction,validation_fallback_fraction,reference_budget_violation_fraction,mean_reference_signed_gap,selection_entropy_nats,most_selected_fraction
heston,16,5.0,forecast_first,24,0.27123020712153406,0.2612597364310154,0.009970470690518688,1.1000044545678171,0.11797049886472011,0.0,0.0,0.0,0.010627949432806713,1.62853819774689,0.3333333333333333
heston,16,5.0,joint_es90,24,0.3175205512848325,0.30988401649477054,0.00763653479006197,1.116138202176136,0.10474330119530255,0.0,0.0,0.0,0.05745566313186438,1.9686765366336698,0.20833333333333334
heston,16,5.0,joint_mse,24,0.2885295732214427,0.2787706574427376,0.009758915778705099,1.126860045259486,0.11566803968213672,0.0,0.0,0.0,0.02716151956154389,1.8243730432659466,0.2916666666666667
heston,16,20.0,forecast_first,24,0.46438534126182446,0.32218396446736686,0.14220137679445763,1.4547909629902491,0.3935598190845588,0.0,0.0,0.0,0.015124886432616945,1.7848617606930293,0.25
heston,16,20.0,joint_es90,24,0.49218051376408,0.35482224264736834,0.1373582711167117,1.4807255819331189,0.3867061192524459,0.0,0.0,0.0,0.04540488696950048,2.0511250355472694,0.25
heston,16,20.0,joint_mse,24,0.4817396952462176,0.33419163989688117,0.14754805534933646,1.4810509991585692,0.4007510810081006,0.0,0.0,0.0,0.033798907959576886,2.0511250355472694,0.25
heston,64,5.0,forecast_first,24,0.27523491968102765,0.26597568285402845,0.009259236826999244,1.0875648998573515,0.11375645224164295,0.0,0.0,0.0,0.012880399700343182,1.704551445267297,0.3333333333333333
heston,64,5.0,joint_es90,24,0.30131660704598495,0.2934893295265831,0.007827277519401871,1.0649237073361006,0.10567560239762186,0.0,0.0,0.0,0.040669052740229035,1.5489739267100382,0.3333333333333333
heston,64,5.0,joint_mse,24,0.2772375135849701,0.26792752119494595,0.00930999239002416,1.0977763761144779,0.11413606481802242,0.0,0.0,0.0,0.014858628114021047,1.7505772279825909,0.2916666666666667
heston,64,20.0,forecast_first,24,0.46325237148084053,0.324755359434766,0.13849701204607448,1.4455345117050353,0.3889804509047745,0.0,0.0,0.0,0.013764176229883964,1.7481554572476758,0.3333333333333333
heston,64,20.0,joint_es90,24,0.47815858469872063,0.325909122751811,0.15224946194690955,1.4152635400082632,0.40624137609490524,0.0,0.0,0.0,0.03003231317352678,1.5336864208622256,0.375
heston,64,20.0,joint_mse,24,0.4659203719554692,0.3188167166795718,0.14710365527589736,1.4415497069194683,0.40057086947313864,0.0,0.0,0.0,0.01789013361943855,1.7699574632378654,0.3333333333333333
heston,256,5.0,forecast_first,24,0.2624020374228664,0.2518213855464821,0.010580651876384344,1.0882350000357335,0.1214341833324147,0.0,0.0,0.0,0.0012213649861566196,1.2678856031498182,0.375
heston,256,5.0,joint_es90,24,0.2750071356653585,0.26576462350136637,0.00924251216399218,1.0353710559587557,0.1140001943525017,0.0,0.0,0.0,0.0140586333063566,1.0505717513316428,0.4583333333333333
heston,256,5.0,joint_mse,24,0.26299883389735107,0.2523887584867847,0.010610075410566402,1.0820078238735276,0.12104564072525288,0.0,0.0,0.0,0.0015861953448248988,1.236684869140504,0.4166666666666667
heston,256,20.0,forecast_first,24,0.4531347137956483,0.3104343692557097,0.1427003445399386,1.433604321533166,0.3956380934516281,0.0,0.0,0.0,0.0036947676305578597,1.298077406452795,0.4166666666666667
heston,256,20.0,joint_es90,24,0.4730466566273772,0.3165327348309199,0.15651392179645732,1.3891375549161842,0.41206433556536637,0.0,0.0,0.0,0.023607349445609983,1.2791596283393531,0.4166666666666667
heston,256,20.0,joint_mse,24,0.4541318997549781,0.3088375232532303,0.14529437650174779,1.4299505347359773,0.39877618170484147,0.0,0.0,0.0,0.004629176498819006,1.308605387253449,0.4166666666666667
heston_shift,16,5.0,forecast_first,24,2.4320050324413,0.8766517652413134,1.5553532671999861,3.2659633524611587,0.13148359728687858,0.0,0.0,0.0,0.2712536564283236,1.5377791502696874,0.375
heston_shift,16,5.0,joint_es90,24,2.4034781124679956,0.8835328820660528,1.519945230401943,3.1823335459581465,0.11560224088588204,0.0,0.0,0.0,0.23709514830308276,2.059514832860057,0.20833333333333334
heston_shift,16,5.0,joint_mse,24,2.4952031044511718,0.9445057752224776,1.5506973292286945,3.3241884319130466,0.12994057996546626,0.0,0.0,0.0,0.3351384970796379,1.7364189749163077,0.2916666666666667
heston_shift,16,20.0,forecast_first,24,3.503431158569198,1.0024366512334522,2.5009945073357467,3.7044622904537547,0.46280525072296314,0.0,0.0,0.0,0.46847698627439255,1.8737455109998216,0.2916666666666667
heston_shift,16,20.0,joint_es90,24,3.408373277197535,0.9676628634779695,2.440710413719565,3.5890599868259123,0.4426634345827966,0.0,0.0,0.0,0.3782004451643605,2.048240807670522,0.20833333333333334
heston_shift,16,20.0,joint_mse,24,3.554470530822794,1.0383580057826844,2.51611252504011,3.7313358987152707,0.4695744766419916,0.0,0.0,0.0,0.53138165686443,1.9686765366336698,0.20833333333333334
heston_shift,64,5.0,forecast_first,24,2.416474429855039,0.859404091213813,1.557070338641226,3.2550364774769034,0.1334840702905272,0.0,0.0,0.0,0.2563511755561587,1.3422673044417013,0.4583333333333333
heston_shift,64,5.0,joint_es90,24,2.267583382171813,0.7338467821099316,1.5337366000618815,3.0437431552545475,0.12164007636060485,0.0,0.0,0.0,0.0986346982817523,1.465858632156742,0.375
heston_shift,64,5.0,joint_mse,24,2.4365663637997153,0.8798796412480977,1.5566867225516177,3.273211855601966,0.13275008986874598,0.0,0.0,0.0,0.27599599063014824,1.524287692843101,0.3333333333333333
heston_shift,64,20.0,forecast_first,24,3.444180746762939,0.9203277151144649,2.5238530316484735,3.645582384898468,0.47126196540226645,0.0,0.0,0.0,0.4193337377450282,1.5509284726296326,0.4166666666666667
heston_shift,64,20.0,joint_es90,24,3.319508782405079,0.817789583410987,2.5017191989940915,3.478126303118635,0.46456457015481406,0.0,0.0,0.0,0.2923739379201382,1.6173434213065387,0.375
heston_shift,64,20.0,joint_mse,24,3.4244136342345985,0.9184539663765037,2.505959667858095,3.621098951404766,0.4655335522984443,0.0,0.0,0.0,0.3950144179677109,1.837785251943349,0.2916666666666667
heston_shift,256,5.0,forecast_first,24,2.4183240227982044,0.8589971327015453,1.5593268900966588,3.2603807154820004,0.13470788821300872,0.0,0.0,0.0,0.261348303984181,1.1645953713991986,0.5416666666666666
heston_shift,256,5.0,joint_es90,24,2.2442905734797267,0.7038023513332377,1.5404882221464888,3.012564460945022,0.12583022206969072,0.0,0.0,0.0,0.07825496208972708,1.2223576364458604,0.5416666666666666
heston_shift,256,5.0,joint_mse,24,2.3759001786848515,0.8192436417313106,1.5566565369535408,3.208582045816614,0.1337079780053632,0.0,0.0,0.0,0.21812552874752722,1.17295457751597,0.5
heston_shift,256,20.0,forecast_first,24,3.3426802587030635,0.8924654811549194,2.4502147775481444,3.585918388675886,0.4472023952408781,0.0,0.0,0.0,0.31353040787662106,1.3163725690440502,0.4583333333333333
heston_shift,256,20.0,joint_es90,24,3.257470221583023,0.7370893684696594,2.520380853113364,3.3785959876737803,0.4710018676400837,0.0,0.0,0.0,0.2337807489446201,1.2525188485528216,0.5
heston_shift,256,20.0,joint_mse,24,3.359265579922886,0.8663802172619457,2.4928853626609406,3.567352725133024,0.46170186841711597,0.0,0.0,0.0,0.33349722592708947,1.3114896151301971,0.5
jump_shift,16,5.0,forecast_first,24,5.485882514187959,4.8432527016842,0.6426298125037594,6.178686834384965,0.12085668965566483,0.0,0.0,0.0,0.5231247479207687,1.4004526141861737,0.375
jump_shift,16,5.0,joint_es90,24,5.380334694152349,4.760007447153154,0.6203272469991948,6.078429919533099,0.10672022919772843,0.0,0.0,0.0,0.41876088508308285,2.1060030727171837,0.25
jump_shift,16,5.0,joint_mse,24,5.532099911446629,4.887737755971921,0.6443621554747083,6.19641990379298,0.12123387712141435,0.0,0.0,0.0,0.5526673445911957,1.3934756569019637,0.375
jump_shift,16,20.0,forecast_first,24,5.962856778930246,4.737080039962453,1.2257767389677936,6.379255964899184,0.4277722729614164,0.0,0.0,0.0,0.5907650902452888,2.0046367956901427,0.25
jump_shift,16,20.0,joint_es90,24,5.949435384413938,4.780273716313012,1.1691616681009263,6.3403761982518425,0.4005916816302431,0.0,0.0,0.0,0.5620074313311384,2.303976101724108,0.16666666666666666
jump_shift,16,20.0,joint_mse,24,5.96440512721622,4.735013123008037,1.2293920042081818,6.3797400467593475,0.4247716769862815,0.0,0.0,0.0,0.552180312472024,2.1742933185645,0.16666666666666666
jump_shift,64,5.0,forecast_first,24,5.4896722422407604,4.845660803740169,0.6440114385005908,6.1783898187980535,0.12236967218955852,0.0,0.0,0.0,0.5124189769604083,1.163635098246029,0.4166666666666667
jump_shift,64,5.0,joint_es90,24,5.316402864146936,4.685868588975725,0.6305342751712112,6.088495948145351,0.1124186330036236,0.0,0.0,0.0,0.3403383352913097,1.5486301307614123,0.4583333333333333
jump_shift,64,5.0,joint_mse,24,5.500025812414337,4.855683552538623,0.6443422598757143,6.185030687883336,0.12244832219895206,0.0,0.0,0.0,0.5198712212182276,1.190196629283377,0.4166666666666667
jump_shift,64,20.0,forecast_first,24,5.829202761814369,4.624883064557012,1.2043196972573573,6.328370226449077,0.4143840246101895,0.0,0.0,0.0,0.43371883931416405,1.596208210956046,0.2916666666666667
jump_shift,64,20.0,joint_es90,24,5.707667546986545,4.5091081636773245,1.1985593833092205,6.271800004425622,0.41063086412788136,0.0,0.0,0.0,0.3082880465307816,1.3721361080536074,0.375
jump_shift,64,20.0,joint_mse,24,5.824811374679857,4.609845282184894,1.2149660924949641,6.323940494381176,0.41953238062883597,0.0,0.0,0.0,0.42803570894902493,1.7016672173905487,0.25
jump_shift,256,5.0,forecast_first,24,5.474562071954574,4.8318376791737245,0.6427243927808495,6.171347383538202,0.12121697242824087,0.0,0.0,0.0,0.49370180771895916,1.294447134187166,0.4166666666666667
jump_shift,256,5.0,joint_es90,24,5.231804988589469,4.606928968561484,0.6248760200279849,6.045932116777422,0.1076791672452065,0.0,0.0,0.0,0.23956637339592016,1.53723744437867,0.2916666666666667
jump_shift,256,5.0,joint_mse,24,5.481691066082426,4.837214863661468,0.644476202420959,6.175384164263019,0.12208481613764671,0.0,0.0,0.0,0.49477054955571614,1.1948358322553434,0.375
jump_shift,256,20.0,forecast_first,24,5.74391853113939,4.578238487331082,1.165680043808309,6.289661638537588,0.3958318849055819,0.0,0.0,0.0,0.35227620801286785,1.5242876928431006,0.3333333333333333
jump_shift,256,20.0,joint_es90,24,5.657275618152787,4.481641228069333,1.175634390083453,6.245492097493681,0.400234388277116,0.0,0.0,0.0,0.2611963792450197,1.4553306513560877,0.375
jump_shift,256,20.0,joint_mse,24,5.754270640620689,4.588844666038443,1.165425974582245,6.296125070201981,0.39595505645461254,0.0,0.0,0.0,0.35961560644604784,1.5372374443786705,0.2916666666666667
matched_gbm,16,5.0,forecast_first,24,0.23253140300386163,0.21807454209604207,0.014456860907819525,0.9590060531485852,0.11771271538002404,0.0,0.0,0.0,0.027477081806002557,0.8817214815477444,0.6666666666666666
matched_gbm,16,5.0,joint_es90,24,0.2753049590682202,0.2626875153479031,0.012617443720317222,1.01757942949164,0.10899623622752752,0.0,0.0,0.0,0.0702331718432434,1.6882550087131465,0.4166666666666667
matched_gbm,16,5.0,joint_mse,24,0.2484831857206311,0.234344296625031,0.014138889095600128,1.0217778471604975,0.11505625292943493,0.0,0.0,0.0,0.04272208374524309,1.1765056010324144,0.5833333333333334
matched_gbm,16,20.0,forecast_first,24,0.4588910876078344,0.2860283962452732,0.17286269136256113,1.3771524247492666,0.40974468924781443,0.0,0.0,0.0,0.04242122768804904,1.4902819797062226,0.4166666666666667
matched_gbm,16,20.0,joint_es90,24,0.5190276183054459,0.35555458907039256,0.16347302923505327,1.4824246540833983,0.39890481399746847,0.0,0.0,0.0,0.10397715561666965,1.9315077760464836,0.2916666666666667
matched_gbm,16,20.0,joint_mse,24,0.4759909836743595,0.2970322494293505,0.17895873424500905,1.424278991321702,0.41864604256724114,0.0,0.0,0.0,0.060852682700032745,1.9097057700562943,0.2916666666666667
matched_gbm,64,5.0,forecast_first,24,0.20765116764339964,0.19228756632192764,0.015363601321471966,0.9471790885433768,0.12161864360276138,0.0,0.0,0.0,0.0006921259398484208,0.2868359830561607,0.9166666666666666
matched_gbm,64,5.0,joint_es90,24,0.23181167098416164,0.21855656045844238,0.013255110525719269,0.9159121269637497,0.11368680389398295,0.0,0.0,0.0,0.026857947331512467,0.9798203223053885,0.625
matched_gbm,64,5.0,joint_mse,24,0.2151718571528943,0.2007850444613135,0.014386812691580738,0.9401049327753986,0.11839073570980485,0.0,0.0,0.0,0.00959665937287815,1.0710465945979117,0.5833333333333334
matched_gbm,64,20.0,forecast_first,24,0.42896518857471594,0.269764597488704,0.159200591086012,1.3470413017308538,0.39403454370527585,0.0,0.0,0.0,0.010904042138869313,0.9365995187176585,0.6666666666666666
matched_gbm,64,20.0,joint_es90,24,0.4469381478036106,0.26881268987270696,0.17812545793090362,1.3247002351437822,0.4184094595243404,0.0,0.0,0.0,0.030614506440275746,1.415740120033986,0.5
matched_gbm,64,20.0,joint_mse,24,0.4400459160517089,0.2731083638106865,0.16693755224102239,1.3434903781919225,0.40389102889456,0.0,0.0,0.0,0.022595562069205568,1.6685911862108243,0.3333333333333333
matched_gbm,256,5.0,forecast_first,24,0.20765116764339964,0.19228756632192764,0.015363601321471966,0.9471790885433768,0.12161864360276138,0.0,0.0,0.0,0.0006921259398484208,0.2868359830561607,0.9166666666666666
matched_gbm,256,5.0,joint_es90,24,0.22439445349549916,0.21051989502107782,0.013874558474421384,0.8923190038493495,0.11628509046992437,0.0,0.0,0.0,0.019434595260789528,0.5117400734174093,0.7916666666666666
matched_gbm,256,5.0,joint_mse,24,0.20704655231326693,0.19199381085880063,0.015052741454466298,0.9290234408918036,0.12066791854185673,0.0,0.0,0.0,0.0006763743813646405,0.5117400734174093,0.7916666666666666
matched_gbm,256,20.0,forecast_first,24,0.4210467274246461,0.2653142102971784,0.15573251712746775,1.3368405850086604,0.39144634347750334,0.0,0.0,0.0,0.0047535069205013394,0.7097131024243333,0.7916666666666666
matched_gbm,256,20.0,joint_es90,24,0.4388020665690561,0.24099108125130872,0.19781098531774735,1.284948866100087,0.44261813350145546,0.0,0.0,0.0,0.023437945343374483,0.5660857389596289,0.8333333333333334
matched_gbm,256,20.0,joint_mse,24,0.42287628154416107,0.2619989491558005,0.1608773323883605,1.3277048415698465,0.3973106296311519,0.0,0.0,0.0,0.006781053344346995,0.8823830530748153,0.7083333333333334
